Application Name:	ZOOMA (Automatic Ontology Mapper)
Version:	2.0
Run at:	16:36.57, 11.02.20
Run from:	http://www.ebi.ac.uk/fgpt/zooma


PROPERTY TYPE	PROPERTY VALUE	ONTOLOGY TERM LABEL(S)	ONTOLOGY TERM SYNONYM(S)	CONFIDENCE	ONTOLOGY TERM(S)	ONTOLOGY(S)	SOURCE(S)	STUDY
[NO TYPE]	ALK+ histiocytosis	ALK+ histiocytosis		Good	MONDO_0022338	http://purl.obolibrary.org/obo/	http://purl.obolibrary.org/obo/mondo.obo	[UNKNOWN EXPERIMENTS]
[NO TYPE]	Alpha-thalassemia x-linked intellectual disability syndrome	Alpha-thalassemia-X-linked intellectual disability syndrome		Medium	Orphanet_847	http://www.orpha.net/ORDO/	http://www.orpha.net/ontology/ORDO_en_2.8.owl	[UNKNOWN EXPERIMENTS]
[NO TYPE]	Alpha-thalassemia x-linked intellectual disability syndrome	alpha thalassemia-X-linked intellectual disability syndrome		Medium	DOID_0110030	http://purl.obolibrary.org/obo/	http://purl.obolibrary.org/obo/doid.owl	[UNKNOWN EXPERIMENTS]
[NO TYPE]	AML with myelodysplasia-related features	Acute myeloid leukaemia with myelodysplasia-related features		Good	Orphanet_86845	http://www.orpha.net/ORDO/	http://www.orpha.net/ontology/ORDO_en_2.8.owl	[UNKNOWN EXPERIMENTS]
[NO TYPE]	Anemia due to Adenosine triphosphatase deficiency	Anemia due to adenosine triphosphatase deficiency		Good	Orphanet_1044	http://www.orpha.net/ORDO/	http://www.ebi.ac.uk/efo/efo.owl	[UNKNOWN EXPERIMENTS]
[NO TYPE]	Anemia sideroblastic and spinocerebellar ataxia	X-linked sideroblastic anemia and spinocerebellar ataxia		High	Orphanet_2802	http://www.orpha.net/ORDO/	https://www.ebi.ac.uk/eva	[UNKNOWN EXPERIMENTS]
[NO TYPE]	Aneurysm of sinus of Valsalva	aneurysm of sinus of Valsalva		Medium	MONDO_0015197	http://purl.obolibrary.org/obo/	http://purl.obolibrary.org/obo/mondo.obo	[UNKNOWN EXPERIMENTS]
[NO TYPE]	Aneurysm of sinus of Valsalva	Aneurysm of sinus of Valsalva		Medium	Orphanet_1054	http://www.orpha.net/ORDO/	http://www.orpha.net/ontology/ORDO_en_2.8.owl	[UNKNOWN EXPERIMENTS]
[NO TYPE]	Angioimmunoblastic T-cell lymphoma	angioimmunoblastic T-cell lymphoma		High	EFO_0000255	http://www.ebi.ac.uk/efo/	https://www.ebi.ac.uk/gxa	[UNKNOWN EXPERIMENTS]
[NO TYPE]	Angioma hereditary neurocutaneous	Hereditary neurocutaneous malformation		Good	Orphanet_1062	http://www.orpha.net/ORDO/	http://www.orpha.net/ontology/ORDO_en_2.8.owl	[UNKNOWN EXPERIMENTS]
[NO TYPE]	Angioma serpiginosum	Angioma Serpiginosum		Good	NCIT_C3926	http://purl.obolibrary.org/obo/	http://purl.obolibrary.org/obo/ncit.owl	[UNKNOWN EXPERIMENTS]
[NO TYPE]	Antiphospholipid syndrome	antiphospholipid syndrome		Good	EFO_0002689	http://www.ebi.ac.uk/efo/	https://www.ebi.ac.uk/gxa	[UNKNOWN EXPERIMENTS]
[NO TYPE]	Aplasia cutis congenita intestinal lymphangiectasia	Aplasia cutis congenita-intestinal lymphangiectasia syndrome		Good	Orphanet_1116	http://www.orpha.net/ORDO/	http://www.orpha.net/ontology/ORDO_en_2.8.owl	[UNKNOWN EXPERIMENTS]
[NO TYPE]	Aplastic anemia	Aplastic anemia		High	HP_0001915	http://purl.obolibrary.org/obo/	https://www.ebi.ac.uk/eva	[UNKNOWN EXPERIMENTS]
[NO TYPE]	Arterial calcification of infancy	Generalized arterial calcification of infancy		High	Orphanet_51608	http://www.orpha.net/ORDO/	https://www.ebi.ac.uk/eva	[UNKNOWN EXPERIMENTS]
[NO TYPE]	Arterial tortuosity syndrome	Arterial tortuosity syndrome		High	Orphanet_3342	http://www.orpha.net/ORDO/	https://www.ebi.ac.uk/eva	[UNKNOWN EXPERIMENTS]
[NO TYPE]	Atransferrinemia	Congenital atransferrinemia		High	Orphanet_1195	http://www.orpha.net/ORDO/	https://www.ebi.ac.uk/eva	[UNKNOWN EXPERIMENTS]
[NO TYPE]	Atypical hemolytic uremic syndrome	Atypical hemolytic-uremic syndrome		High	Orphanet_2134	http://www.orpha.net/ORDO/	https://www.ebi.ac.uk/eva	[UNKNOWN EXPERIMENTS]
[NO TYPE]	Autoimmune lymphoproliferative syndrome	Autoimmune lymphoproliferative syndrome		High	Orphanet_3261	http://www.orpha.net/ORDO/	https://www.ebi.ac.uk/eva	[UNKNOWN EXPERIMENTS]
[NO TYPE]	Autosomal recessive protein C deficiency	Severe hereditary thrombophilia due to congenital protein C deficiency		Good	Orphanet_745	http://www.orpha.net/ORDO/	https://www.targetvalidation.org	[UNKNOWN EXPERIMENTS]
[NO TYPE]	Bannayan-Riley-Ruvalcaba syndrome	Bannayan-Riley-Ruvalcaba syndrome		High	Orphanet_109	http://www.orpha.net/ORDO/	https://www.targetvalidation.org	[UNKNOWN EXPERIMENTS]
[NO TYPE]	Behçet disease	Lipoid proteinosis		Medium	Orphanet_530	http://www.orpha.net/ORDO/	http://www.orpha.net/ontology/ORDO_en_2.8.owl	[UNKNOWN EXPERIMENTS]
[NO TYPE]	Behçet disease	Transgrediens et progrediens palmoplantar keratoderma		Medium	Orphanet_495	http://www.orpha.net/ORDO/	http://www.orpha.net/ontology/ORDO_en_2.8.owl	[UNKNOWN EXPERIMENTS]
[NO TYPE]	Beta-thalassemia	Beta-thalassemia		High	Orphanet_848	http://www.orpha.net/ORDO/	https://www.ebi.ac.uk/gxa	[UNKNOWN EXPERIMENTS]
[NO TYPE]	Blastic plasmacytoid dendritic cell	Blastic Plasmacytoid Dendritic Cell Neoplasm		Medium	NCIT_C7203	http://purl.obolibrary.org/obo/	http://purl.obolibrary.org/obo/ncit.owl	[UNKNOWN EXPERIMENTS]
[NO TYPE]	Blastic plasmacytoid dendritic cell	Recurrent Blastic Plasmacytoid Dendritic Cell Neoplasm		Medium	NCIT_C156103	http://purl.obolibrary.org/obo/	http://purl.obolibrary.org/obo/ncit.owl	[UNKNOWN EXPERIMENTS]
[NO TYPE]	Bleeding disorder due to P2RY12 defect	Bleeding disorder due to P2Y12 defect		Medium	Orphanet_36355	http://www.orpha.net/ORDO/	http://www.orpha.net/ontology/ORDO_en_2.8.owl	[UNKNOWN EXPERIMENTS]
[NO TYPE]	Bleeding disorder due to P2RY12 defect	Rare hemorrhagic disorder due to a qualitative platelet defect		Medium	Orphanet_275736	http://www.orpha.net/ORDO/	http://www.orpha.net/ontology/ORDO_en_2.8.owl	[UNKNOWN EXPERIMENTS]
[NO TYPE]	Bloom syndrome	Bloom syndrome		High	Orphanet_125	http://www.orpha.net/ORDO/	https://www.ebi.ac.uk/eva	[UNKNOWN EXPERIMENTS]
[NO TYPE]	Blue rubber bleb nevus syndrome	Blue rubber bleb nevus		Medium	Orphanet_1059	http://www.orpha.net/ORDO/	http://www.orpha.net/ontology/ORDO_en_2.8.owl	[UNKNOWN EXPERIMENTS]
[NO TYPE]	Blue rubber bleb nevus syndrome	Blue Rubber Bleb Nevus		Medium	NCIT_C4486	http://purl.obolibrary.org/obo/	http://purl.obolibrary.org/obo/ncit.owl	[UNKNOWN EXPERIMENTS]
[NO TYPE]	Buerger disease	Buerger Disease		Medium	NCIT_C35070	http://purl.obolibrary.org/obo/	http://purl.obolibrary.org/obo/ncit.owl	[UNKNOWN EXPERIMENTS]
[NO TYPE]	Buerger disease	Buerger disease		Medium	Orphanet_36258	http://www.orpha.net/ORDO/	http://www.orpha.net/ontology/ORDO_en_2.8.owl	[UNKNOWN EXPERIMENTS]
[NO TYPE]	Burkitt lymphoma	Burkitts lymphoma		High	EFO_0000309	http://www.ebi.ac.uk/efo/	https://www.ebi.ac.uk/eva	[UNKNOWN EXPERIMENTS]
[NO TYPE]	Campomelia Cumming type	Campomelia, Cumming type		Good	Orphanet_1318	http://www.orpha.net/ORDO/	http://www.orpha.net/ontology/ORDO_en_2.8.owl	[UNKNOWN EXPERIMENTS]
[NO TYPE]	Castleman disease	Castleman Disease		Medium	NCIT_C3056	http://purl.obolibrary.org/obo/	http://purl.obolibrary.org/obo/ncit.owl	[UNKNOWN EXPERIMENTS]
[NO TYPE]	Castleman disease	Castleman disease		Medium	MONDO_0015564	http://purl.obolibrary.org/obo/	http://purl.obolibrary.org/obo/mondo.obo	[UNKNOWN EXPERIMENTS]
[NO TYPE]	Castleman disease	Castleman disease		Medium	Orphanet_160	http://www.orpha.net/ORDO/	http://www.orpha.net/ontology/ORDO_en_2.8.owl	[UNKNOWN EXPERIMENTS]
[NO TYPE]	Castleman disease	Castleman disease		Medium	DOID_0111157	http://purl.obolibrary.org/obo/	http://purl.obolibrary.org/obo/doid.owl	[UNKNOWN EXPERIMENTS]
[NO TYPE]	Cerebral cavernous malformation - Not a rare disease	Cerebral Cavernous Malformation		Medium	NCIT_C84626	http://purl.obolibrary.org/obo/	http://purl.obolibrary.org/obo/ncit.owl	[UNKNOWN EXPERIMENTS]
[NO TYPE]	Cerebral cavernous malformation - Not a rare disease	not rare		Medium	MONDO_0021137	http://purl.obolibrary.org/obo/	http://purl.obolibrary.org/obo/mondo.obo	[UNKNOWN EXPERIMENTS]
[NO TYPE]	Chediak-Higashi syndrome	C4016993		Medium	C4016993	http://identifiers.org/medgen/	https://www.ncbi.nlm.nih.gov/clinvar	[UNKNOWN EXPERIMENTS]
[NO TYPE]	Chediak-Higashi syndrome	Chédiak-Higashi syndrome		Medium	Orphanet_167	http://www.orpha.net/ORDO/	https://www.ebi.ac.uk/eva	[UNKNOWN EXPERIMENTS]
[NO TYPE]	Chromosome 17q11.2 deletion syndrome	chromosome 17q11.2 deletion syndrome, 1.4Mb		Medium	DOID_0060403	http://purl.obolibrary.org/obo/	http://purl.obolibrary.org/obo/doid.owl	[UNKNOWN EXPERIMENTS]
[NO TYPE]	Chromosome 17q11.2 deletion syndrome	chromosome 17q11.2 deletion syndrome, 1.4Mb		Medium	MONDO_0013357	http://purl.obolibrary.org/obo/	http://purl.obolibrary.org/obo/mondo.obo	[UNKNOWN EXPERIMENTS]
[NO TYPE]	Chronic myeloid leukemia	chronic myelogenous leukemia		High	EFO_0000339	http://www.ebi.ac.uk/efo/	https://www.ebi.ac.uk/gxa	[UNKNOWN EXPERIMENTS]
[NO TYPE]	Chylous ascites	Chylous Ascites		Good	NCIT_C34482	http://purl.obolibrary.org/obo/	http://purl.obolibrary.org/obo/ncit.owl	[UNKNOWN EXPERIMENTS]
[NO TYPE]	CLOVES syndrome	CLOVES syndrome		Medium	MONDO_0013038	http://purl.obolibrary.org/obo/	http://purl.obolibrary.org/obo/mondo.obo	[UNKNOWN EXPERIMENTS]
[NO TYPE]	CLOVES syndrome	CLOVES syndrome		Medium	Orphanet_140944	http://www.orpha.net/ORDO/	http://www.orpha.net/ontology/ORDO_en_2.8.owl	[UNKNOWN EXPERIMENTS]
[NO TYPE]	CLOVES syndrome	CLOVES syndrome		Medium	DOID_0080351	http://purl.obolibrary.org/obo/	http://purl.obolibrary.org/obo/doid.owl	[UNKNOWN EXPERIMENTS]
[NO TYPE]	Cobb syndrome	Cobb Syndrome		Medium	NCIT_C4485	http://purl.obolibrary.org/obo/	http://purl.obolibrary.org/obo/ncit.owl	[UNKNOWN EXPERIMENTS]
[NO TYPE]	Cobb syndrome	Cobb syndrome		Medium	MONDO_0018893	http://purl.obolibrary.org/obo/	http://purl.obolibrary.org/obo/mondo.obo	[UNKNOWN EXPERIMENTS]
[NO TYPE]	Cold agglutinin disease	Cold agglutinin disease		Medium	Orphanet_56425	http://www.orpha.net/ORDO/	http://www.orpha.net/ontology/ORDO_en_2.8.owl	[UNKNOWN EXPERIMENTS]
[NO TYPE]	Cold agglutinin disease	cold agglutinin disease		Medium	MONDO_0018922	http://purl.obolibrary.org/obo/	http://purl.obolibrary.org/obo/mondo.obo	[UNKNOWN EXPERIMENTS]
[NO TYPE]	Congenital amegakaryocytic thrombocytopenia	Congenital amegakaryocytic thrombocytopenia		High	Orphanet_3319	http://www.orpha.net/ORDO/	https://www.ebi.ac.uk/eva	[UNKNOWN EXPERIMENTS]
[NO TYPE]	Congenital analbuminemia	Congenital analbuminemia		Medium	Orphanet_86816	http://www.orpha.net/ORDO/	http://www.orpha.net/ontology/ORDO_en_2.8.owl	[UNKNOWN EXPERIMENTS]
[NO TYPE]	Congenital analbuminemia	congenital analbuminemia		Medium	MONDO_0014449	http://purl.obolibrary.org/obo/	http://purl.obolibrary.org/obo/mondo.obo	[UNKNOWN EXPERIMENTS]
[NO TYPE]	Congenital dyserythropoietic anemia type 1	Congenital dyserythropoietic anemia type I		Good	Orphanet_98869	http://www.orpha.net/ORDO/	https://www.ebi.ac.uk/eva	[UNKNOWN EXPERIMENTS]
[NO TYPE]	Congenital dyserythropoietic anemia type 1	Congenital dyserythropoietic anemia type II		Good	Orphanet_98873	http://www.orpha.net/ORDO/	https://www.targetvalidation.org	[UNKNOWN EXPERIMENTS]
[NO TYPE]	Congenital dyserythropoietic anemia type 1	Congenital dyserythropoietic anemia type IV		Good	Orphanet_293825	http://www.orpha.net/ORDO/	https://www.ebi.ac.uk/eva	[UNKNOWN EXPERIMENTS]
[NO TYPE]	Congenital dyserythropoietic anemia type 2	Congenital dyserythropoietic anemia type I		Good	Orphanet_98869	http://www.orpha.net/ORDO/	https://www.ebi.ac.uk/eva	[UNKNOWN EXPERIMENTS]
[NO TYPE]	Congenital dyserythropoietic anemia type 2	Congenital dyserythropoietic anemia type II		Good	Orphanet_98873	http://www.orpha.net/ORDO/	https://www.targetvalidation.org	[UNKNOWN EXPERIMENTS]
[NO TYPE]	Congenital dyserythropoietic anemia type 2	Congenital dyserythropoietic anemia type IV		Good	Orphanet_293825	http://www.orpha.net/ORDO/	https://www.ebi.ac.uk/eva	[UNKNOWN EXPERIMENTS]
[NO TYPE]	Congenital dyserythropoietic anemia type 3	Congenital dyserythropoietic anemia type I		Good	Orphanet_98869	http://www.orpha.net/ORDO/	https://www.ebi.ac.uk/eva	[UNKNOWN EXPERIMENTS]
[NO TYPE]	Congenital dyserythropoietic anemia type 3	Congenital dyserythropoietic anemia type II		Good	Orphanet_98873	http://www.orpha.net/ORDO/	https://www.targetvalidation.org	[UNKNOWN EXPERIMENTS]
[NO TYPE]	Congenital dyserythropoietic anemia type 3	Congenital dyserythropoietic anemia type IV		Good	Orphanet_293825	http://www.orpha.net/ORDO/	https://www.ebi.ac.uk/eva	[UNKNOWN EXPERIMENTS]
[NO TYPE]	Congenital erythropoietic porphyria	Congenital erythropoietic porphyria		High	Orphanet_79277	http://www.orpha.net/ORDO/	https://www.ebi.ac.uk/eva	[UNKNOWN EXPERIMENTS]
[NO TYPE]	Congenital myasthenic syndrome with episodic apnea	Congenital myasthenic syndrome		Good	Orphanet_590	http://www.orpha.net/ORDO/	https://www.targetvalidation.org	[UNKNOWN EXPERIMENTS]
[NO TYPE]	Congenital pulmonary lymphangiectasia	Congenital Pulmonary Lymphangiectasia		Medium	NCIT_C99034	http://purl.obolibrary.org/obo/	http://purl.obolibrary.org/obo/ncit.owl	[UNKNOWN EXPERIMENTS]
[NO TYPE]	Congenital pulmonary lymphangiectasia	Congenital pulmonary lymphangiectasia		Medium	Orphanet_2414	http://www.orpha.net/ORDO/	http://www.orpha.net/ontology/ORDO_en_2.8.owl	[UNKNOWN EXPERIMENTS]
[NO TYPE]	Congenital pulmonary lymphangiectasia	congenital pulmonary lymphangiectasia		Medium	MONDO_0009933	http://purl.obolibrary.org/obo/	http://purl.obolibrary.org/obo/mondo.obo	[UNKNOWN EXPERIMENTS]
[NO TYPE]	Congenital thrombotic thrombocytopenic purpura	Congenital Thrombotic Thrombocytopenic Purpura		Medium	NCIT_C131657	http://purl.obolibrary.org/obo/	http://purl.obolibrary.org/obo/ncit.owl	[UNKNOWN EXPERIMENTS]
[NO TYPE]	Congenital thrombotic thrombocytopenic purpura	Congenital thrombotic thrombocytopenic purpura		Medium	Orphanet_93583	http://www.orpha.net/ORDO/	http://www.orpha.net/ontology/ORDO_en_2.8.owl	[UNKNOWN EXPERIMENTS]
[NO TYPE]	Congenital thrombotic thrombocytopenic purpura	congenital thrombotic thrombocytopenic purpura		Medium	MONDO_0010122	http://purl.obolibrary.org/obo/	http://purl.obolibrary.org/obo/mondo.obo	[UNKNOWN EXPERIMENTS]
[NO TYPE]	Cutaneous mastocytoma	Cutaneous mastocytoma		Medium	Orphanet_79455	http://www.orpha.net/ORDO/	http://www.orpha.net/ontology/ORDO_en_2.8.owl	[UNKNOWN EXPERIMENTS]
[NO TYPE]	Cutaneous mastocytoma	cutaneous mastocytoma		Medium	MONDO_0019314	http://purl.obolibrary.org/obo/	http://purl.obolibrary.org/obo/mondo.obo	[UNKNOWN EXPERIMENTS]
[NO TYPE]	Cutis laxa, autosomal recessive type 1	Autosomal recessive cutis laxa type 2, Autosomal recessive cutis laxa type 2, classic type	; 	Good	Orphanet_90350, Orphanet_357074	http://www.orpha.net/ORDO/, http://www.orpha.net/ORDO/	https://www.ebi.ac.uk/eva	[UNKNOWN EXPERIMENTS]
[NO TYPE]	Cutis marmorata telangiectatica congenita	Megalencephaly-capillary malformation-polymicrogyria syndrome		Good	Orphanet_60040	http://www.orpha.net/ORDO/	https://www.ebi.ac.uk/eva	[UNKNOWN EXPERIMENTS]
[NO TYPE]	Cyclic neutropenia	Cyclic neutropenia		Good	Orphanet_2686	http://www.orpha.net/ORDO/	https://www.ebi.ac.uk/eva	[UNKNOWN EXPERIMENTS]
[NO TYPE]	Cyclic thrombocytopenia	thrombocytopenia, cyclic		Good	MONDO_0008556	http://purl.obolibrary.org/obo/	http://purl.obolibrary.org/obo/mondo.obo	[UNKNOWN EXPERIMENTS]
[NO TYPE]	Cystic medial necrosis of aorta	Familial aortic dissection		Good	Orphanet_229	http://www.orpha.net/ORDO/	http://www.orpha.net/ontology/ORDO_en_2.8.owl	[UNKNOWN EXPERIMENTS]
[NO TYPE]	Dahlberg Borer Newcomer syndrome	Dahlberg-Borer-Newcomer syndrome		Good	Orphanet_1563	http://www.orpha.net/ORDO/	http://www.orpha.net/ontology/ORDO_en_2.8.owl	[UNKNOWN EXPERIMENTS]
[NO TYPE]	Deafness-lymphedema-leukemia syndrome	deafness-lymphedema-leukemia syndrome		Medium	MONDO_0013540	http://purl.obolibrary.org/obo/	http://purl.obolibrary.org/obo/mondo.obo	[UNKNOWN EXPERIMENTS]
[NO TYPE]	Deafness-lymphedema-leukemia syndrome	Deafness-lymphedema-leukemia syndrome		Medium	Orphanet_3226	http://www.orpha.net/ORDO/	http://www.orpha.net/ontology/ORDO_en_2.8.owl	[UNKNOWN EXPERIMENTS]
[NO TYPE]	Dehydrated hereditary stomatocytosis	Dehydrated hereditary stomatocytosis		Good	Orphanet_3202	http://www.orpha.net/ORDO/	https://www.ebi.ac.uk/eva	[UNKNOWN EXPERIMENTS]
[NO TYPE]	Diamond-Blackfan anemia	Blackfan-Diamond anemia		High	Orphanet_124	http://www.orpha.net/ORDO/	https://www.ebi.ac.uk/eva	[UNKNOWN EXPERIMENTS]
[NO TYPE]	Diamond-Blackfan anemia 2	Blackfan-Diamond anemia		High	Orphanet_124	http://www.orpha.net/ORDO/	https://www.ebi.ac.uk/eva	[UNKNOWN EXPERIMENTS]
[NO TYPE]	Diamond-Blackfan anemia 3	Blackfan-Diamond anemia		High	Orphanet_124	http://www.orpha.net/ORDO/	https://www.ebi.ac.uk/eva	[UNKNOWN EXPERIMENTS]
[NO TYPE]	Dysfibrinogenemia	Familial hypodysfibrinogenemia		High	Orphanet_248408	http://www.orpha.net/ORDO/	https://www.ebi.ac.uk/eva	[UNKNOWN EXPERIMENTS]
[NO TYPE]	Dyskeratosis congenita	Dyskeratosis congenita		High	Orphanet_1775	http://www.orpha.net/ORDO/	https://www.ebi.ac.uk/eva	[UNKNOWN EXPERIMENTS]
[NO TYPE]	Dyskeratosis congenita autosomal dominant	Dyskeratosis congenita		High	Orphanet_1775	http://www.orpha.net/ORDO/	https://www.ebi.ac.uk/eva	[UNKNOWN EXPERIMENTS]
[NO TYPE]	Dyskeratosis congenita autosomal recessive	Dyskeratosis congenita		High	Orphanet_1775	http://www.orpha.net/ORDO/	https://www.ebi.ac.uk/eva	[UNKNOWN EXPERIMENTS]
[NO TYPE]	Dyskeratosis congenita X-linked	Dyskeratosis congenita		High	Orphanet_1775	http://www.orpha.net/ORDO/	https://www.ebi.ac.uk/eva	[UNKNOWN EXPERIMENTS]
[NO TYPE]	Ehlers-Danlos syndrome, dysfibronectinemic type	Ehlers-Danlos Syndrome, Type III		Medium	NCIT_C125698	http://purl.obolibrary.org/obo/	http://purl.obolibrary.org/obo/ncit.owl	[UNKNOWN EXPERIMENTS]
[NO TYPE]	Ehlers-Danlos syndrome, dysfibronectinemic type	Ehlers-Danlos Syndrome, Type II		Medium	NCIT_C125697	http://purl.obolibrary.org/obo/	http://purl.obolibrary.org/obo/ncit.owl	[UNKNOWN EXPERIMENTS]
[NO TYPE]	Eosinophilic granulomatosis with polyangiitis	Churg-Strauss syndrome		High	EFO_0007208	http://www.ebi.ac.uk/efo/	http://www.genome.gov/gwastudies/	[UNKNOWN EXPERIMENTS]
[NO TYPE]	Erythema elevatum diutinum	erythema elevatum diutinum		Medium	MONDO_0019526	http://purl.obolibrary.org/obo/	http://purl.obolibrary.org/obo/mondo.obo	[UNKNOWN EXPERIMENTS]
[NO TYPE]	Erythema elevatum diutinum	Erythema elevatum diutinum		Medium	Orphanet_90000	http://www.orpha.net/ORDO/	http://www.orpha.net/ontology/ORDO_en_2.8.owl	[UNKNOWN EXPERIMENTS]
[NO TYPE]	Erythema elevatum diutinum	erythema elevatum diutinum		Medium	DOID_0060567	http://purl.obolibrary.org/obo/	http://purl.obolibrary.org/obo/doid.owl	[UNKNOWN EXPERIMENTS]
[NO TYPE]	Essential thrombocythemia	essential thrombocythemia		High	EFO_0000479	http://www.ebi.ac.uk/efo/	https://www.ebi.ac.uk/eva	[UNKNOWN EXPERIMENTS]
[NO TYPE]	Evans syndrome	Palmoplantar keratoderma-esophageal carcinoma syndrome		Good	Orphanet_2198	http://www.orpha.net/ORDO/	https://www.ebi.ac.uk/eva	[UNKNOWN EXPERIMENTS]
[NO TYPE]	Extranodal nasal NK/T cell lymphoma	Extranodal nasal NK/T cell lymphoma		Medium	Orphanet_86879	http://www.orpha.net/ORDO/	http://www.orpha.net/ontology/ORDO_en_2.8.owl	[UNKNOWN EXPERIMENTS]
[NO TYPE]	Extranodal nasal NK/T cell lymphoma	extranodal nasal NK/T cell lymphoma		Medium	MONDO_0019472	http://purl.obolibrary.org/obo/	http://purl.obolibrary.org/obo/mondo.obo	[UNKNOWN EXPERIMENTS]
[NO TYPE]	Fabry disease	Fabry disease		High	Orphanet_324	http://www.orpha.net/ORDO/	https://www.ebi.ac.uk/eva	[UNKNOWN EXPERIMENTS]
[NO TYPE]	Factor V deficiency	Congenital factor V deficiency		High	Orphanet_326	http://www.orpha.net/ORDO/	https://www.ebi.ac.uk/eva	[UNKNOWN EXPERIMENTS]
[NO TYPE]	Factor V Leiden thrombophilia - Not a rare disease	Factor V Leiden		Medium	NCIT_C98573	http://purl.obolibrary.org/obo/	http://purl.obolibrary.org/obo/ncit.owl	[UNKNOWN EXPERIMENTS]
[NO TYPE]	Factor V Leiden thrombophilia - Not a rare disease	F5 Leiden Allele		Medium	NCIT_C91334	http://purl.obolibrary.org/obo/	http://purl.obolibrary.org/obo/ncit.owl	[UNKNOWN EXPERIMENTS]
[NO TYPE]	Factor VII deficiency	Congenital factor VII deficiency		High	Orphanet_327	http://www.orpha.net/ORDO/	https://www.ebi.ac.uk/eva	[UNKNOWN EXPERIMENTS]
[NO TYPE]	Factor X deficiency	Congenital factor X deficiency		High	Orphanet_328	http://www.orpha.net/ORDO/	https://www.ebi.ac.uk/eva	[UNKNOWN EXPERIMENTS]
[NO TYPE]	Factor XI deficiency	Congenital factor XI deficiency		Good	Orphanet_329	http://www.orpha.net/ORDO/	https://www.ebi.ac.uk/eva	[UNKNOWN EXPERIMENTS]
[NO TYPE]	Factor XII deficiency	Congenital factor XII deficiency		Good	Orphanet_330	http://www.orpha.net/ORDO/	https://www.ebi.ac.uk/eva	[UNKNOWN EXPERIMENTS]
[NO TYPE]	Factor XIII deficiency	C0015530, D005177	; 	Good	C0015530, D005177	http://identifiers.org/medgen/, http://identifiers.org/mesh/	https://www.ncbi.nlm.nih.gov/clinvar	[UNKNOWN EXPERIMENTS]
[NO TYPE]	Familial hyperthyroidism due to mutations in TSH receptor	Familial hyperthyroidism due to mutations in TSH receptor		Medium	Orphanet_424	http://www.orpha.net/ORDO/	http://www.orpha.net/ontology/ORDO_en_2.8.owl	[UNKNOWN EXPERIMENTS]
[NO TYPE]	Familial hyperthyroidism due to mutations in TSH receptor	familial hyperthyroidism due to mutations in TSH receptor		Medium	MONDO_0012203	http://purl.obolibrary.org/obo/	http://purl.obolibrary.org/obo/mondo.obo	[UNKNOWN EXPERIMENTS]
[NO TYPE]	Familial LCAT deficiency	Familial LCAT deficiency		Good	Orphanet_79293	http://www.orpha.net/ORDO/	http://www.orpha.net/ontology/ORDO_en_2.8.owl	[UNKNOWN EXPERIMENTS]
[NO TYPE]	Familial platelet disorder with associated myeloid malignancy	Familial platelet disorder with associated myeloid malignancy		High	Orphanet_71290	http://www.orpha.net/ORDO/	https://www.ebi.ac.uk/eva	[UNKNOWN EXPERIMENTS]
[NO TYPE]	Familial thoracic aortic aneurysm and dissection	marfan syndrome/loeys-dietz syndrome/familial thoracic aortic aneurysms and dissections		Good	EFO_0009299	http://www.ebi.ac.uk/efo/	https://www.ebi.ac.uk/eva	[UNKNOWN EXPERIMENTS]
[NO TYPE]	Fanconi anemia	Fanconi anemia		High	Orphanet_84	http://www.orpha.net/ORDO/	https://www.ebi.ac.uk/eva	[UNKNOWN EXPERIMENTS]
[NO TYPE]	Fetal and neonatal alloimmune thrombocytopenia	CN689512		High	CN689512	http://identifiers.org/medgen/	https://www.ncbi.nlm.nih.gov/clinvar	[UNKNOWN EXPERIMENTS]
[NO TYPE]	Fibromuscular dysplasia - Not a rare disease	not rare		Good	MONDO_0021137	http://purl.obolibrary.org/obo/	http://purl.obolibrary.org/obo/mondo.obo	[UNKNOWN EXPERIMENTS]
[NO TYPE]	Follicular lymphoma	neoplasm of mature B-cells		High	EFO_0000096	http://www.ebi.ac.uk/efo/	http://www.genome.gov/gwastudies/	[UNKNOWN EXPERIMENTS]
[NO TYPE]	Genuine diffuse phlebectasia	Bockenheimer syndrome		Good	Orphanet_217008	http://www.orpha.net/ORDO/	http://www.orpha.net/ontology/ORDO_en_2.8.owl	[UNKNOWN EXPERIMENTS]
[NO TYPE]	Giant cell arteritis	temporal arteritis		High	EFO_1001209	http://www.ebi.ac.uk/efo/	http://www.genome.gov/gwastudies/	[UNKNOWN EXPERIMENTS]
[NO TYPE]	Giant platelet syndrome	Bernard-Soulier syndrome		Medium	Orphanet_274	http://www.orpha.net/ORDO/	http://www.orpha.net/ontology/ORDO_en_2.8.owl	[UNKNOWN EXPERIMENTS]
[NO TYPE]	Giant platelet syndrome	Bernard-Soulier syndrome		Medium	DOID_2217	http://purl.obolibrary.org/obo/	http://purl.obolibrary.org/obo/doid.owl	[UNKNOWN EXPERIMENTS]
[NO TYPE]	Glanzmann thrombasthenia	Glanzmann thrombasthenia		High	Orphanet_849	http://www.orpha.net/ORDO/	https://www.ebi.ac.uk/eva	[UNKNOWN EXPERIMENTS]
[NO TYPE]	Glucocorticoid-remediable aldosteronism	glucocorticoid-remediable aldosteronism		Medium	MONDO_0007080	http://purl.obolibrary.org/obo/	http://purl.obolibrary.org/obo/mondo.obo	[UNKNOWN EXPERIMENTS]
[NO TYPE]	Glucocorticoid-remediable aldosteronism	glucocorticoid-remediable aldosteronism		Medium	DOID_14080	http://purl.obolibrary.org/obo/	http://purl.obolibrary.org/obo/doid.owl	[UNKNOWN EXPERIMENTS]
[NO TYPE]	Glucocorticoid-remediable aldosteronism	Familial hyperaldosteronism type I		Medium	Orphanet_403	http://www.orpha.net/ORDO/	http://www.orpha.net/ontology/ORDO_en_2.8.owl	[UNKNOWN EXPERIMENTS]
[NO TYPE]	Glutamate formiminotransferase deficiency	Formiminoglutamic aciduria		High	Orphanet_51208	http://www.orpha.net/ORDO/	https://www.ebi.ac.uk/eva	[UNKNOWN EXPERIMENTS]
[NO TYPE]	Glycogen storage disease type 12	Glycogen storage disease		Good	Orphanet_79201	http://www.orpha.net/ORDO/	https://www.ebi.ac.uk/eva	[UNKNOWN EXPERIMENTS]
[NO TYPE]	Glycogen storage disease type 12	Glycogen storage disease due to glucose-6-phosphatase deficiency type Ib		Good	Orphanet_79259	http://www.orpha.net/ORDO/	https://www.targetvalidation.org	[UNKNOWN EXPERIMENTS]
[NO TYPE]	Glycogen storage disease type 12	Glycogen storage disease due to glycogen branching enzyme deficiency		Good	Orphanet_367	http://www.orpha.net/ORDO/	https://www.targetvalidation.org	[UNKNOWN EXPERIMENTS]
[NO TYPE]	Glycogen storage disease type 12	Glycogen storage disease due to liver glycogen phosphorylase deficiency		Good	Orphanet_369	http://www.orpha.net/ORDO/	https://www.targetvalidation.org	[UNKNOWN EXPERIMENTS]
[NO TYPE]	Glycogen storage disease type 12	Glycogen storage disease due to phosphoglycerate mutase deficiency		Good	Orphanet_97234	http://www.orpha.net/ORDO/	https://www.ebi.ac.uk/eva	[UNKNOWN EXPERIMENTS]
[NO TYPE]	Glycogen storage disease type 12	Glycogen storage disease due to acid maltase deficiency		Good	Orphanet_365	http://www.orpha.net/ORDO/	https://www.ebi.ac.uk/eva	[UNKNOWN EXPERIMENTS]
[NO TYPE]	Glycogen storage disease type 12	Glycogen storage disease due to glycogen debranching enzyme deficiency		Good	Orphanet_366	http://www.orpha.net/ORDO/	https://www.ebi.ac.uk/eva	[UNKNOWN EXPERIMENTS]
[NO TYPE]	Glycogen storage disease type 12	Glycogen storage disease due to muscle glycogen phosphorylase deficiency		Good	Orphanet_368	http://www.orpha.net/ORDO/	https://www.ebi.ac.uk/eva	[UNKNOWN EXPERIMENTS]
[NO TYPE]	Glycogen storage disease type 12	Glycogen storage disease due to hepatic glycogen synthase deficiency		Good	Orphanet_2089	http://www.orpha.net/ORDO/	https://www.targetvalidation.org	[UNKNOWN EXPERIMENTS]
[NO TYPE]	Glycogen storage disease type 12	Glycogen storage disease due to liver phosphorylase kinase deficiency		Good	Orphanet_264580	http://www.orpha.net/ORDO/	https://www.ebi.ac.uk/eva	[UNKNOWN EXPERIMENTS]
[NO TYPE]	Glycogen storage disease type 7	Glycogen storage disease due to phosphoglycerate mutase deficiency		Good	Orphanet_97234	http://www.orpha.net/ORDO/	https://www.ebi.ac.uk/eva	[UNKNOWN EXPERIMENTS]
[NO TYPE]	Glycogen storage disease type 7	Glycogen storage disease due to muscle glycogen phosphorylase deficiency		Good	Orphanet_368	http://www.orpha.net/ORDO/	https://www.ebi.ac.uk/eva	[UNKNOWN EXPERIMENTS]
[NO TYPE]	Glycogen storage disease type 7	Glycogen storage disease		Good	Orphanet_79201	http://www.orpha.net/ORDO/	https://www.ebi.ac.uk/eva	[UNKNOWN EXPERIMENTS]
[NO TYPE]	Glycogen storage disease type 7	Glycogen storage disease due to glycogen branching enzyme deficiency		Good	Orphanet_367	http://www.orpha.net/ORDO/	https://www.targetvalidation.org	[UNKNOWN EXPERIMENTS]
[NO TYPE]	Glycogen storage disease type 7	Glycogen storage disease due to hepatic glycogen synthase deficiency		Good	Orphanet_2089	http://www.orpha.net/ORDO/	https://www.targetvalidation.org	[UNKNOWN EXPERIMENTS]
[NO TYPE]	Glycogen storage disease type 7	Glycogen storage disease due to glucose-6-phosphatase deficiency type Ib		Good	Orphanet_79259	http://www.orpha.net/ORDO/	https://www.targetvalidation.org	[UNKNOWN EXPERIMENTS]
[NO TYPE]	Glycogen storage disease type 7	Glycogen storage disease due to liver glycogen phosphorylase deficiency		Good	Orphanet_369	http://www.orpha.net/ORDO/	https://www.targetvalidation.org	[UNKNOWN EXPERIMENTS]
[NO TYPE]	Glycogen storage disease type 7	Glycogen storage disease due to acid maltase deficiency		Good	Orphanet_365	http://www.orpha.net/ORDO/	https://www.ebi.ac.uk/eva	[UNKNOWN EXPERIMENTS]
[NO TYPE]	Glycogen storage disease type 7	Glycogen storage disease due to glycogen debranching enzyme deficiency		Good	Orphanet_366	http://www.orpha.net/ORDO/	https://www.ebi.ac.uk/eva	[UNKNOWN EXPERIMENTS]
[NO TYPE]	Glycogen storage disease type 7	Glycogen storage disease due to liver phosphorylase kinase deficiency		Good	Orphanet_264580	http://www.orpha.net/ORDO/	https://www.ebi.ac.uk/eva	[UNKNOWN EXPERIMENTS]
[NO TYPE]	Glycoprotein VI deficiency	platelet-type bleeding disorder 11		Good	DOID_0111057	http://purl.obolibrary.org/obo/	http://purl.obolibrary.org/obo/doid.owl	[UNKNOWN EXPERIMENTS]
[NO TYPE]	Goodpasture syndrome	Goodpasture Syndrome		Medium	NCIT_C34649	http://purl.obolibrary.org/obo/	http://purl.obolibrary.org/obo/ncit.owl	[UNKNOWN EXPERIMENTS]
[NO TYPE]	Goodpasture syndrome	Goodpasture syndrome		Medium	EFO_0007290	http://www.ebi.ac.uk/efo/	http://www.ebi.ac.uk/efo/efo.owl	[UNKNOWN EXPERIMENTS]
[NO TYPE]	Goodpasture syndrome	Goodpasture syndrome		Medium	DOID_9808	http://purl.obolibrary.org/obo/	http://purl.obolibrary.org/obo/doid.owl	[UNKNOWN EXPERIMENTS]
[NO TYPE]	Gorham's disease	Gorham's disease		Good	DOID_4837	http://purl.obolibrary.org/obo/	http://purl.obolibrary.org/obo/doid.owl	[UNKNOWN EXPERIMENTS]
[NO TYPE]	Granulomatosis with polyangiitis	Churg-Strauss syndrome		Good	EFO_0007208	http://www.ebi.ac.uk/efo/	http://www.genome.gov/gwastudies/	[UNKNOWN EXPERIMENTS]
[NO TYPE]	Granulomatous slack skin disease	Granulomatous Slack Skin Disease		Good	NCIT_C35464	http://purl.obolibrary.org/obo/	http://purl.obolibrary.org/obo/ncit.owl	[UNKNOWN EXPERIMENTS]
[NO TYPE]	Gray platelet syndrome	Gray platelet syndrome		High	Orphanet_721	http://www.orpha.net/ORDO/	https://www.ebi.ac.uk/eva	[UNKNOWN EXPERIMENTS]
[NO TYPE]	Hairy cell leukemia	hairy cell leukemia		High	EFO_1000956	http://www.ebi.ac.uk/efo/	https://www.ebi.ac.uk/gxa	[UNKNOWN EXPERIMENTS]
[NO TYPE]	Hashimoto-Pritzker syndrome	Hashimoto-Pritzker syndrome		Medium	Orphanet_99872	http://www.orpha.net/ORDO/	http://www.orpha.net/ontology/ORDO_en_2.8.owl	[UNKNOWN EXPERIMENTS]
[NO TYPE]	Hashimoto-Pritzker syndrome	Hashimoto-Pritzker syndrome		Medium	MONDO_0020518	http://purl.obolibrary.org/obo/	http://purl.obolibrary.org/obo/mondo.obo	[UNKNOWN EXPERIMENTS]
[NO TYPE]	Heinz body anemias	OBSOLETE: Heinz body anemia		Good	Orphanet_178330	http://www.orpha.net/ORDO/	https://www.ebi.ac.uk/eva	[UNKNOWN EXPERIMENTS]
[NO TYPE]	Hemangioma thrombocytopenia syndrome	Kasabach-Merritt syndrome		Medium	Orphanet_2330	http://www.orpha.net/ORDO/	http://www.orpha.net/ontology/ORDO_en_2.8.owl	[UNKNOWN EXPERIMENTS]
[NO TYPE]	Hemangioma thrombocytopenia syndrome	Hemangiomatosis with Thrombocytopenia		Medium	NCIT_C3821	http://purl.obolibrary.org/obo/	http://purl.obolibrary.org/obo/ncit.owl	[UNKNOWN EXPERIMENTS]
[NO TYPE]	Hemochromatosis - Not a rare disease	not rare		Good	MONDO_0021137	http://purl.obolibrary.org/obo/	http://purl.obolibrary.org/obo/mondo.obo	[UNKNOWN EXPERIMENTS]
[NO TYPE]	Hemochromatosis type 2	CN205842		High	CN205842	http://identifiers.org/medgen/	https://www.ncbi.nlm.nih.gov/clinvar	[UNKNOWN EXPERIMENTS]
[NO TYPE]	Hemochromatosis type 3	Hemochromatosis type 3		High	Orphanet_225123	http://www.orpha.net/ORDO/	https://www.ebi.ac.uk/eva	[UNKNOWN EXPERIMENTS]
[NO TYPE]	Hemochromatosis type 4	Hemochromatosis type 4		High	Orphanet_139491	http://www.orpha.net/ORDO/	https://www.ebi.ac.uk/eva	[UNKNOWN EXPERIMENTS]
[NO TYPE]	Hemoglobin C disease	Hemoglobin C Disease		Medium	NCIT_C34675	http://purl.obolibrary.org/obo/	http://purl.obolibrary.org/obo/ncit.owl	[UNKNOWN EXPERIMENTS]
[NO TYPE]	Hemoglobin C disease	hemoglobin C disease		Medium	DOID_2859	http://purl.obolibrary.org/obo/	http://purl.obolibrary.org/obo/doid.owl	[UNKNOWN EXPERIMENTS]
[NO TYPE]	Hemoglobin E disease	Hemoglobin E disease		High	Orphanet_2133	http://www.orpha.net/ORDO/	https://www.ebi.ac.uk/eva	[UNKNOWN EXPERIMENTS]
[NO TYPE]	Hemoglobin SC disease	Hemoglobin SC Disease		Medium	EFO_1001797	http://www.ebi.ac.uk/efo/	http://www.ebi.ac.uk/efo/efo.owl	[UNKNOWN EXPERIMENTS]
[NO TYPE]	Hemoglobin SC disease	Hemoglobin SC Disease		Medium	OMIT_0007619	http://purl.obolibrary.org/obo/	http://purl.obolibrary.org/obo/omit.owl	[UNKNOWN EXPERIMENTS]
[NO TYPE]	Hemoglobin SC disease	Sickle Cell-Hemoglobin C Disease		Medium	NCIT_C34676	http://purl.obolibrary.org/obo/	http://purl.obolibrary.org/obo/ncit.owl	[UNKNOWN EXPERIMENTS]
[NO TYPE]	Hemoglobin SC disease	sickle cell anemia		Medium	DOID_10923	http://purl.obolibrary.org/obo/	http://purl.obolibrary.org/obo/doid.owl	[UNKNOWN EXPERIMENTS]
[NO TYPE]	Hemoglobin SE disease - Not a rare disease	Sickle Cell-Hemoglobin E Disease		Medium	NCIT_C155307	http://purl.obolibrary.org/obo/	http://purl.obolibrary.org/obo/ncit.owl	[UNKNOWN EXPERIMENTS]
[NO TYPE]	Hemoglobin SE disease - Not a rare disease	not rare		Medium	MONDO_0021137	http://purl.obolibrary.org/obo/	http://purl.obolibrary.org/obo/mondo.obo	[UNKNOWN EXPERIMENTS]
[NO TYPE]	Hemolytic anemia lethal congenital nonspherocytic with genital and other abnormalities	hypertelorism and other facial dysmorphism, brachydactyly, genital abnormalities, mental retardation, and recurrent inflammatory episodes		Medium	MONDO_0013856	http://purl.obolibrary.org/obo/	http://purl.obolibrary.org/obo/mondo.obo	[UNKNOWN EXPERIMENTS]
[NO TYPE]	Hemolytic anemia lethal congenital nonspherocytic with genital and other abnormalities	Vaginal and Other Genital		Medium	NCIT_C13464	http://purl.obolibrary.org/obo/	http://purl.obolibrary.org/obo/ncit.owl	[UNKNOWN EXPERIMENTS]
[NO TYPE]	Hemolytic uremic syndrome	PS235400, C0019061	; 	High	PS235400, C0019061	http://identifiers.org/omim/, http://identifiers.org/medgen/	https://www.ncbi.nlm.nih.gov/clinvar	[UNKNOWN EXPERIMENTS]
[NO TYPE]	Hemophilia A	Hemophilia A		Medium	NCIT_C27146	http://purl.obolibrary.org/obo/	http://purl.obolibrary.org/obo/ncit.owl	[UNKNOWN EXPERIMENTS]
[NO TYPE]	Hemophilia A	Hemophilia A		Medium	OMIT_0007636	http://purl.obolibrary.org/obo/	http://purl.obolibrary.org/obo/omit.owl	[UNKNOWN EXPERIMENTS]
[NO TYPE]	Hemophilia A	hemophilia A		Medium	MONDO_0010602	http://purl.obolibrary.org/obo/	http://purl.obolibrary.org/obo/mondo.obo	[UNKNOWN EXPERIMENTS]
[NO TYPE]	Hemophilia A	Hemophilia A		Medium	Orphanet_98878	http://www.orpha.net/ORDO/	http://www.orpha.net/ontology/ORDO_en_2.8.owl	[UNKNOWN EXPERIMENTS]
[NO TYPE]	Hemophilia B	Hemophilia B		Good	Orphanet_98879	http://www.orpha.net/ORDO/	https://www.ebi.ac.uk/eva	[UNKNOWN EXPERIMENTS]
[NO TYPE]	Hemorrhagic shock and encephalopathy syndrome	N/A	N/A	Did not map	N/A	N/A	N/A	[UNKNOWN EXPERIMENTS]
[NO TYPE]	Hennekam syndrome	CN258217, 618332	; 	Medium	CN258217, 618332	http://identifiers.org/medgen/, http://identifiers.org/omim/	https://www.ncbi.nlm.nih.gov/clinvar	[UNKNOWN EXPERIMENTS]
[NO TYPE]	Hennekam syndrome	618333, CN258218	; 	Medium	618333, CN258218	http://identifiers.org/omim/, http://identifiers.org/medgen/	https://www.ncbi.nlm.nih.gov/clinvar	[UNKNOWN EXPERIMENTS]
[NO TYPE]	Henoch-Schonlein purpura	Henoch-Schoenlein purpura		Medium	DOID_11123	http://purl.obolibrary.org/obo/	http://purl.obolibrary.org/obo/doid.owl	[UNKNOWN EXPERIMENTS]
[NO TYPE]	Henoch-Schonlein purpura	Henoch-Schoenlein purpura		Medium	EFO_1000965	http://www.ebi.ac.uk/efo/	http://www.ebi.ac.uk/efo/efo.owl	[UNKNOWN EXPERIMENTS]
[NO TYPE]	Heparin-induced thrombocytopenia	Thrombocytopenia, response to heparin	; 	High	HP_0001873, EFO_0006816	http://purl.obolibrary.org/obo/, http://www.ebi.ac.uk/efo/	http://www.genome.gov/gwastudies/	[UNKNOWN EXPERIMENTS]
[NO TYPE]	Hereditary antithrombin deficiency	antithrombin III deficiency		Good	DOID_3755	http://purl.obolibrary.org/obo/	http://purl.obolibrary.org/obo/doid.owl	[UNKNOWN EXPERIMENTS]
[NO TYPE]	Hereditary elliptocytosis	Hereditary elliptocytosis		High	Orphanet_288	http://www.orpha.net/ORDO/	https://www.targetvalidation.org	[UNKNOWN EXPERIMENTS]
[NO TYPE]	Hereditary folate malabsorption	Hereditary Folate Malabsorption		Good	NCIT_C156424	http://purl.obolibrary.org/obo/	http://purl.obolibrary.org/obo/ncit.owl	[UNKNOWN EXPERIMENTS]
[NO TYPE]	Hereditary hemorrhagic telangiectasia	C0039445		High	C0039445	http://identifiers.org/medgen/	https://www.ncbi.nlm.nih.gov/clinvar	[UNKNOWN EXPERIMENTS]
[NO TYPE]	Hereditary hemorrhagic telangiectasia type 2	Hereditary hemorrhagic telangiectasia		High	Orphanet_774	http://www.orpha.net/ORDO/	https://www.ebi.ac.uk/eva	[UNKNOWN EXPERIMENTS]
[NO TYPE]	Hereditary hemorrhagic telangiectasia type 3	Hereditary hemorrhagic telangiectasia		High	Orphanet_774	http://www.orpha.net/ORDO/	https://www.ebi.ac.uk/eva	[UNKNOWN EXPERIMENTS]
[NO TYPE]	Hereditary hemorrhagic telangiectasia type 4	Hereditary hemorrhagic telangiectasia		High	Orphanet_774	http://www.orpha.net/ORDO/	https://www.ebi.ac.uk/eva	[UNKNOWN EXPERIMENTS]
[NO TYPE]	Hereditary lymphedema type II	Meige disease		Good	Orphanet_90186	http://www.orpha.net/ORDO/	http://www.orpha.net/ontology/ORDO_en_2.8.owl	[UNKNOWN EXPERIMENTS]
[NO TYPE]	Hereditary methemoglobinemia	Hereditary methemoglobinemia		High	Orphanet_621	http://www.orpha.net/ORDO/	https://www.ebi.ac.uk/eva	[UNKNOWN EXPERIMENTS]
[NO TYPE]	Hereditary paraganglioma-pheochromocytoma	Hereditary pheochromocytoma-paraganglioma		Good	Orphanet_29072	http://www.orpha.net/ORDO/	https://www.targetvalidation.org	[UNKNOWN EXPERIMENTS]
[NO TYPE]	Hereditary spherocytosis	Hereditary spherocytosis		High	Orphanet_822	http://www.orpha.net/ORDO/	https://www.ebi.ac.uk/eva	[UNKNOWN EXPERIMENTS]
[NO TYPE]	Hermansky Pudlak syndrome 2	Hermansky-Pudlak syndrome with neutropenia		High	Orphanet_183678	http://www.orpha.net/ORDO/	https://www.ebi.ac.uk/eva	[UNKNOWN EXPERIMENTS]
[NO TYPE]	High molecular weight kininogen deficiency	Congenital high-molecular-weight kininogen deficiency		High	Orphanet_483	http://www.orpha.net/ORDO/	https://www.ebi.ac.uk/eva	[UNKNOWN EXPERIMENTS]
[NO TYPE]	Histiocytosis-lymphadenopathy plus syndrome	H syndrome		High	Orphanet_168569	http://www.orpha.net/ORDO/	https://www.ebi.ac.uk/eva	[UNKNOWN EXPERIMENTS]
[NO TYPE]	Hoyeraal Hreidarsson syndrome	Hoyeraal-Hreidarsson syndrome		High	Orphanet_3322	http://www.orpha.net/ORDO/	https://www.ebi.ac.uk/eva	[UNKNOWN EXPERIMENTS]
[NO TYPE]	Hypercoagulability syndrome due to glycosylphosphatidylinositol deficiency	hypercoagulability syndrome due to glycosylphosphatidylinositol deficiency		Medium	MONDO_0012465	http://purl.obolibrary.org/obo/	http://purl.obolibrary.org/obo/mondo.obo	[UNKNOWN EXPERIMENTS]
[NO TYPE]	Hypercoagulability syndrome due to glycosylphosphatidylinositol deficiency	Hypercoagulability syndrome due to glycosylphosphatidylinositol deficiency		Medium	Orphanet_83639	http://www.orpha.net/ORDO/	http://www.orpha.net/ontology/ORDO_en_2.8.owl	[UNKNOWN EXPERIMENTS]
[NO TYPE]	Hypereosinophilic syndrome	Hypereosinophilic syndrome		Good	EFO_1001467	http://www.ebi.ac.uk/efo/	https://www.ebi.ac.uk/eva	[UNKNOWN EXPERIMENTS]
[NO TYPE]	Hypersensitivity vasculitis	hypersensitivity vasculitis		Medium	EFO_1000974	http://www.ebi.ac.uk/efo/	http://www.ebi.ac.uk/efo/efo.owl	[UNKNOWN EXPERIMENTS]
[NO TYPE]	Hypersensitivity vasculitis	hypersensitivity vasculitis		Medium	DOID_9809	http://purl.obolibrary.org/obo/	http://purl.obolibrary.org/obo/doid.owl	[UNKNOWN EXPERIMENTS]
[NO TYPE]	Hypersensitivity vasculitis	hypersensitivity vasculitis		Medium	MONDO_0006794	http://purl.obolibrary.org/obo/	http://purl.obolibrary.org/obo/mondo.obo	[UNKNOWN EXPERIMENTS]
[NO TYPE]	Hypersensitivity vasculitis	Leukocytoclastic Vasculitis		Medium	NCIT_C82863	http://purl.obolibrary.org/obo/	http://purl.obolibrary.org/obo/ncit.owl	[UNKNOWN EXPERIMENTS]
[NO TYPE]	Hypocomplementemic urticarial vasculitis	Hypocomplementemic urticarial vasculitis		Medium	Orphanet_36412	http://www.orpha.net/ORDO/	http://www.orpha.net/ontology/ORDO_en_2.8.owl	[UNKNOWN EXPERIMENTS]
[NO TYPE]	Hypocomplementemic urticarial vasculitis	hypocomplementemic urticarial vasculitis		Medium	MONDO_0018227	http://purl.obolibrary.org/obo/	http://purl.obolibrary.org/obo/mondo.obo	[UNKNOWN EXPERIMENTS]
[NO TYPE]	Hypofibrinogenemia, familial	Familial hypofibrinogenemia		Good	Orphanet_101041	http://www.orpha.net/ORDO/	http://www.orpha.net/ontology/ORDO_en_2.8.owl	[UNKNOWN EXPERIMENTS]
[NO TYPE]	Hypotrichosis-lymphedema-telangiectasia syndrome	Hypotrichosis-lymphedema-telangiectasia-renal defect syndrome		High	Orphanet_69735	http://www.orpha.net/ORDO/	https://www.ebi.ac.uk/eva	[UNKNOWN EXPERIMENTS]
[NO TYPE]	Idiopathic neutropenia - Not a rare disease	not rare		Good	MONDO_0021137	http://purl.obolibrary.org/obo/	http://purl.obolibrary.org/obo/mondo.obo	[UNKNOWN EXPERIMENTS]
[NO TYPE]	Idiopathic thrombocytopenic purpura	Idiopathic Thrombocytopenic Purpura		Good	NCIT_C3446	http://purl.obolibrary.org/obo/	http://purl.obolibrary.org/obo/ncit.owl	[UNKNOWN EXPERIMENTS]
[NO TYPE]	Imerslund-Grasbeck syndrome	Imerslund-Grasbeck syndrome		Medium	MONDO_0009853	http://purl.obolibrary.org/obo/	http://purl.obolibrary.org/obo/mondo.obo	[UNKNOWN EXPERIMENTS]
[NO TYPE]	Imerslund-Grasbeck syndrome	megaloblastic anemia		Medium	DOID_13382	http://purl.obolibrary.org/obo/	http://purl.obolibrary.org/obo/doid.owl	[UNKNOWN EXPERIMENTS]
[NO TYPE]	Inclusion body myopathy 2	inclusion body myositis		High	EFO_0007323	http://www.ebi.ac.uk/efo/	https://www.ebi.ac.uk/eva	[UNKNOWN EXPERIMENTS]
[NO TYPE]	Inherited bone marrow failure syndromes - Not a rare disease	Inherited Bone Marrow Failure Syndrome		Good	NCIT_C94810	http://purl.obolibrary.org/obo/	http://purl.obolibrary.org/obo/ncit.owl	[UNKNOWN EXPERIMENTS]
[NO TYPE]	Internal carotid agenesis	internal carotid agenesis		Medium	MONDO_0020048	http://purl.obolibrary.org/obo/	http://purl.obolibrary.org/obo/mondo.obo	[UNKNOWN EXPERIMENTS]
[NO TYPE]	Internal carotid agenesis	Internal carotid agenesis		Medium	Orphanet_981	http://www.orpha.net/ORDO/	http://www.orpha.net/ontology/ORDO_en_2.8.owl	[UNKNOWN EXPERIMENTS]
[NO TYPE]	Intrinsic factor deficiency	Congenital intrinsic factor deficiency		High	Orphanet_332	http://www.orpha.net/ORDO/	https://www.ebi.ac.uk/eva	[UNKNOWN EXPERIMENTS]
[NO TYPE]	Iron-refractory iron deficiency anemia	IRIDA syndrome		Good	Orphanet_209981	http://www.orpha.net/ORDO/	http://www.orpha.net/ontology/ORDO_en_2.8.owl	[UNKNOWN EXPERIMENTS]
[NO TYPE]	Jacobsen syndrome	Jacobsen Syndrome		Medium	NCIT_C75457	http://purl.obolibrary.org/obo/	http://purl.obolibrary.org/obo/ncit.owl	[UNKNOWN EXPERIMENTS]
[NO TYPE]	Jacobsen syndrome	Jacobsen syndrome		Medium	MONDO_0007838	http://purl.obolibrary.org/obo/	http://purl.obolibrary.org/obo/mondo.obo	[UNKNOWN EXPERIMENTS]
[NO TYPE]	Jacobsen syndrome	Jacobsen syndrome		Medium	Orphanet_2308	http://www.orpha.net/ORDO/	http://www.orpha.net/ontology/ORDO_en_2.8.owl	[UNKNOWN EXPERIMENTS]
[NO TYPE]	Juvenile myelomonocytic leukemia	Juvenile Myelomonocytic Leukemia		High	EFO_1000309	http://www.ebi.ac.uk/efo/	https://www.ebi.ac.uk/eva	[UNKNOWN EXPERIMENTS]
[NO TYPE]	Juvenile temporal arteritis	Juvenile temporal arteritis		Medium	Orphanet_26137	http://www.orpha.net/ORDO/	http://www.orpha.net/ontology/ORDO_en_2.8.owl	[UNKNOWN EXPERIMENTS]
[NO TYPE]	Juvenile temporal arteritis	juvenile temporal arteritis		Medium	MONDO_0016848	http://purl.obolibrary.org/obo/	http://purl.obolibrary.org/obo/mondo.obo	[UNKNOWN EXPERIMENTS]
[NO TYPE]	Kanzaki disease	Alpha-N-acetylgalactosaminidase deficiency type 2		High	Orphanet_79280	http://www.orpha.net/ORDO/	https://www.ebi.ac.uk/eva	[UNKNOWN EXPERIMENTS]
[NO TYPE]	Kaposi sarcoma	Kaposi's sarcoma		Good	EFO_0000558	http://www.ebi.ac.uk/efo/	https://www.ebi.ac.uk/gxa	[UNKNOWN EXPERIMENTS]
[NO TYPE]	Kaposiform Hemangioendothelioma	kaposiform hemangioendothelioma		High	MONDO_0016236	http://purl.obolibrary.org/obo/	https://www.ebi.ac.uk/eva	[UNKNOWN EXPERIMENTS]
[NO TYPE]	Kaposiform lymphangiomatosis	kaposiform lymphangiomatosis		Medium	MONDO_0018736	http://purl.obolibrary.org/obo/	http://purl.obolibrary.org/obo/mondo.obo	[UNKNOWN EXPERIMENTS]
[NO TYPE]	Kaposiform lymphangiomatosis	Kaposiform lymphangiomatosis		Medium	Orphanet_464329	http://www.orpha.net/ORDO/	http://www.orpha.net/ontology/ORDO_en_2.8.owl	[UNKNOWN EXPERIMENTS]
[NO TYPE]	Kawasaki disease	mucocutaneous lymph node syndrome		High	EFO_0004246	http://www.ebi.ac.uk/efo/	http://www.genome.gov/gwastudies/	[UNKNOWN EXPERIMENTS]
[NO TYPE]	Klippel-Trenaunay syndrome	Klippel-Trenaunay syndrome		Medium	MONDO_0019566	http://purl.obolibrary.org/obo/	http://purl.obolibrary.org/obo/mondo.obo	[UNKNOWN EXPERIMENTS]
[NO TYPE]	Klippel-Trenaunay syndrome	Klippel-Trenaunay syndrome		Medium	DOID_2926	http://purl.obolibrary.org/obo/	http://purl.obolibrary.org/obo/doid.owl	[UNKNOWN EXPERIMENTS]
[NO TYPE]	Langerhans cell sarcoma	Langerhans Cell Sarcoma		Medium	NCIT_C6921	http://purl.obolibrary.org/obo/	http://purl.obolibrary.org/obo/ncit.owl	[UNKNOWN EXPERIMENTS]
[NO TYPE]	Langerhans cell sarcoma	Langerhans cell sarcoma		Medium	EFO_0007336	http://www.ebi.ac.uk/efo/	http://www.ebi.ac.uk/efo/efo.owl	[UNKNOWN EXPERIMENTS]
[NO TYPE]	Lesch Nyhan syndrome	Lesch-Nyhan syndrome		High	Orphanet_510	http://www.orpha.net/ORDO/	https://www.ebi.ac.uk/eva	[UNKNOWN EXPERIMENTS]
[NO TYPE]	Liddle syndrome	Liddle syndrome		High	Orphanet_526	http://www.orpha.net/ORDO/	https://www.targetvalidation.org	[UNKNOWN EXPERIMENTS]
[NO TYPE]	Lipedema - Not a rare disease	not rare		Good	MONDO_0021137	http://purl.obolibrary.org/obo/	http://purl.obolibrary.org/obo/mondo.obo	[UNKNOWN EXPERIMENTS]
[NO TYPE]	Lissencephaly 2	C0796089, 257320, Lissencephaly syndrome, Norman-Roberts type	; ; 	Good	C0796089, 257320, Orphanet_89844	http://identifiers.org/medgen/, http://identifiers.org/omim/, http://www.orpha.net/ORDO/	https://www.ncbi.nlm.nih.gov/clinvar	[UNKNOWN EXPERIMENTS]
[NO TYPE]	Lissencephaly 2	Lissencephaly syndrome, Norman-Roberts type		Good	Orphanet_89844	http://www.orpha.net/ORDO/	https://www.targetvalidation.org	[UNKNOWN EXPERIMENTS]
[NO TYPE]	Loeys-Dietz syndrome	Loeys-Dietz syndrome		High	Orphanet_60030	http://www.orpha.net/ORDO/	https://www.ebi.ac.uk/eva	[UNKNOWN EXPERIMENTS]
[NO TYPE]	Loeys-Dietz syndrome type 1	Loeys-Dietz Syndrome Type 1		Good	NCIT_C75119	http://purl.obolibrary.org/obo/	http://purl.obolibrary.org/obo/ncit.owl	[UNKNOWN EXPERIMENTS]
[NO TYPE]	Loeys-Dietz syndrome type 2	Loeys-Dietz Syndrome Type 2		Good	NCIT_C114768	http://purl.obolibrary.org/obo/	http://purl.obolibrary.org/obo/ncit.owl	[UNKNOWN EXPERIMENTS]
[NO TYPE]	Loeys-Dietz syndrome type 3	Aneurysm-osteoarthritis syndrome		Good	Orphanet_284984	http://www.orpha.net/ORDO/	http://www.ebi.ac.uk/efo/efo.owl	[UNKNOWN EXPERIMENTS]
[NO TYPE]	Loeys-Dietz syndrome type 4	Loeys-Dietz Syndrome Type 2		Medium	NCIT_C114768	http://purl.obolibrary.org/obo/	http://purl.obolibrary.org/obo/ncit.owl	[UNKNOWN EXPERIMENTS]
[NO TYPE]	Loeys-Dietz syndrome type 4	Loeys-Dietz Syndrome Type 1		Medium	NCIT_C75119	http://purl.obolibrary.org/obo/	http://purl.obolibrary.org/obo/ncit.owl	[UNKNOWN EXPERIMENTS]
[NO TYPE]	Lymphedema and cerebral arteriovenous anomaly	Lymphedema-cerebral arteriovenous anomaly syndrome		Good	Orphanet_86914	http://www.orpha.net/ORDO/	http://www.orpha.net/ontology/ORDO_en_2.8.owl	[UNKNOWN EXPERIMENTS]
[NO TYPE]	Lymphedema-distichiasis syndrome	Lymphedema-distichiasis syndrome		High	Orphanet_33001	http://www.orpha.net/ORDO/	https://www.targetvalidation.org	[UNKNOWN EXPERIMENTS]
[NO TYPE]	Lymphomatoid papulosis	Lymphomatoid Papulosis		Medium	NCIT_C3721	http://purl.obolibrary.org/obo/	http://purl.obolibrary.org/obo/ncit.owl	[UNKNOWN EXPERIMENTS]
[NO TYPE]	Lymphomatoid papulosis	Lymphomatoid papulosis		Medium	Orphanet_98842	http://www.orpha.net/ORDO/	http://www.orpha.net/ontology/ORDO_en_2.8.owl	[UNKNOWN EXPERIMENTS]
[NO TYPE]	Lymphomatoid papulosis	lymphomatoid papulosis		Medium	MONDO_0020326	http://purl.obolibrary.org/obo/	http://purl.obolibrary.org/obo/mondo.obo	[UNKNOWN EXPERIMENTS]
[NO TYPE]	Lymphomatoid papulosis	Lymphomatoid Papulosis		Medium	OMIT_0018031	http://purl.obolibrary.org/obo/	http://purl.obolibrary.org/obo/omit.owl	[UNKNOWN EXPERIMENTS]
[NO TYPE]	Lymphomatoid papulosis	Lymphomatoid Papulosis		Medium	EFO_1000341	http://www.ebi.ac.uk/efo/	http://www.ebi.ac.uk/efo/efo.owl	[UNKNOWN EXPERIMENTS]
[NO TYPE]	Maffucci syndrome	Maffucci syndrome		High	Orphanet_163634	http://www.orpha.net/ORDO/	https://www.targetvalidation.org	[UNKNOWN EXPERIMENTS]
[NO TYPE]	Majeed syndrome	Majeed syndrome		High	Orphanet_77297	http://www.orpha.net/ORDO/	https://www.ebi.ac.uk/eva	[UNKNOWN EXPERIMENTS]
[NO TYPE]	Mantle cell lymphoma	Mantle cell lymphoma		High	EFO_1001469	http://www.ebi.ac.uk/efo/	https://www.ebi.ac.uk/gxa	[UNKNOWN EXPERIMENTS]
[NO TYPE]	McLeod neuroacanthocytosis syndrome	McLeod neuroacanthocytosis syndrome		High	Orphanet_59306	http://www.orpha.net/ORDO/	https://www.ebi.ac.uk/eva	[UNKNOWN EXPERIMENTS]
[NO TYPE]	Megalencephaly-capillary malformation syndrome	Megalencephaly-capillary malformation-polymicrogyria syndrome		Good	Orphanet_60040	http://www.orpha.net/ORDO/	https://www.targetvalidation.org	[UNKNOWN EXPERIMENTS]
[NO TYPE]	Megaloblastic anemia due to dihydrofolate reductase deficiency	Orphanet_31965		High	Orphanet_31965	http://www.orpha.net/ORDO/	https://www.targetvalidation.org	[UNKNOWN EXPERIMENTS]
[NO TYPE]	Methemoglobinemia, beta-globin type	methemoglobinemia, alpha type		Medium	MONDO_0020835	http://purl.obolibrary.org/obo/	http://purl.obolibrary.org/obo/mondo.obo	[UNKNOWN EXPERIMENTS]
[NO TYPE]	Methemoglobinemia, beta-globin type	familial erythrocytosis 6		Medium	DOID_0111632	http://purl.obolibrary.org/obo/	http://purl.obolibrary.org/obo/doid.owl	[UNKNOWN EXPERIMENTS]
[NO TYPE]	Methylcobalamin deficiency cbl G type	Methylcobalamin deficiency type cblG		Medium	Orphanet_2170	http://www.orpha.net/ORDO/	http://www.ebi.ac.uk/efo/efo.owl	[UNKNOWN EXPERIMENTS]
[NO TYPE]	Methylcobalamin deficiency cbl G type	Methylcobalamin deficiency type cblDv1		Medium	Orphanet_308380	http://www.orpha.net/ORDO/	http://www.ebi.ac.uk/efo/efo.owl	[UNKNOWN EXPERIMENTS]
[NO TYPE]	Methylmalonic acidemia and homocysteinemia type cblX - See Methylmalonic acidemia with homocystinuria	N/A	N/A	Did not map	N/A	N/A	N/A	[UNKNOWN EXPERIMENTS]
[NO TYPE]	Methylmalonic acidemia with homocystinuria type cblC - See Methylmalonic acidemia with homocystinuria	Methylmalonic acidemia with homocystinuria, type cblC		Good	Orphanet_79282	http://www.orpha.net/ORDO/	http://www.orpha.net/ontology/ORDO_en_2.8.owl	[UNKNOWN EXPERIMENTS]
[NO TYPE]	Methylmalonic acidemia with homocystinuria type cblD - See Methylmalonic acidemia with homocystinuria	Methylmalonic acidemia with homocystinuria, type cblD		Good	Orphanet_79283	http://www.orpha.net/ORDO/	http://www.orpha.net/ontology/ORDO_en_2.8.owl	[UNKNOWN EXPERIMENTS]
[NO TYPE]	Methylmalonic acidemia with homocystinuria type cblF - See Methylmalonic acidemia with homocystinuria	Methylmalonic acidemia with homocystinuria type cblF		Good	Orphanet_79284	http://www.orpha.net/ORDO/	http://www.orpha.net/ontology/ORDO_en_2.8.owl	[UNKNOWN EXPERIMENTS]
[NO TYPE]	Methylmalonic acidemia with homocystinuria type cblJ - See Methylmalonic acidemia with homocystinuria	Methylmalonic acidemia with homocystinuria, type cblJ		Good	Orphanet_369955	http://www.orpha.net/ORDO/	http://www.orpha.net/ontology/ORDO_en_2.8.owl	[UNKNOWN EXPERIMENTS]
[NO TYPE]	Microcystic lymphatic malformation	Microcystic lymphatic malformation		Medium	Orphanet_79490	http://www.orpha.net/ORDO/	http://www.orpha.net/ontology/ORDO_en_2.8.owl	[UNKNOWN EXPERIMENTS]
[NO TYPE]	Microcystic lymphatic malformation	microcystic lymphatic malformation		Medium	MONDO_0019329	http://purl.obolibrary.org/obo/	http://purl.obolibrary.org/obo/mondo.obo	[UNKNOWN EXPERIMENTS]
[NO TYPE]	Microscopic polyangiitis	microscopic polyangiitis		Medium	EFO_1000784	http://www.ebi.ac.uk/efo/	http://www.ebi.ac.uk/efo/efo.owl	[UNKNOWN EXPERIMENTS]
[NO TYPE]	Microscopic polyangiitis	microscopic polyangiitis		Medium	MONDO_0019124	http://purl.obolibrary.org/obo/	http://purl.obolibrary.org/obo/mondo.obo	[UNKNOWN EXPERIMENTS]
[NO TYPE]	Microscopic polyangiitis	Microscopic Polyangiitis		Medium	OMIT_0026537	http://purl.obolibrary.org/obo/	http://purl.obolibrary.org/obo/omit.owl	[UNKNOWN EXPERIMENTS]
[NO TYPE]	Microscopic polyangiitis	Microscopic polyangiitis		Medium	Orphanet_727	http://www.orpha.net/ORDO/	http://www.orpha.net/ontology/ORDO_en_2.8.owl	[UNKNOWN EXPERIMENTS]
[NO TYPE]	Microscopic polyangiitis	Microscopic Polyarteritis		Medium	NCIT_C70549	http://purl.obolibrary.org/obo/	http://purl.obolibrary.org/obo/ncit.owl	[UNKNOWN EXPERIMENTS]
[NO TYPE]	Milroy disease	Milroy disease		Medium	Orphanet_79452	http://www.orpha.net/ORDO/	http://www.orpha.net/ontology/ORDO_en_2.8.owl	[UNKNOWN EXPERIMENTS]
[NO TYPE]	Milroy disease	hereditary lymphedema I		Medium	DOID_0070212	http://purl.obolibrary.org/obo/	http://purl.obolibrary.org/obo/doid.owl	[UNKNOWN EXPERIMENTS]
[NO TYPE]	MPI-CDG (CDG-Ib)	MPI-CDG		Good	Orphanet_79319	http://www.orpha.net/ORDO/	http://www.orpha.net/ontology/ORDO_en_2.8.owl	[UNKNOWN EXPERIMENTS]
[NO TYPE]	Multicentric Castleman Disease	Multicentric Castleman Disease		Medium	NCIT_C27855	http://purl.obolibrary.org/obo/	http://purl.obolibrary.org/obo/ncit.owl	[UNKNOWN EXPERIMENTS]
[NO TYPE]	Multicentric Castleman Disease	multicentric Castleman disease		Medium	MONDO_0019754	http://purl.obolibrary.org/obo/	http://purl.obolibrary.org/obo/mondo.obo	[UNKNOWN EXPERIMENTS]
[NO TYPE]	Multicentric Castleman Disease	multicentric Castleman disease		Medium	DOID_0111152	http://purl.obolibrary.org/obo/	http://purl.obolibrary.org/obo/doid.owl	[UNKNOWN EXPERIMENTS]
[NO TYPE]	Multicentric Castleman Disease	Multicentric Castleman disease		Medium	Orphanet_93686	http://www.orpha.net/ORDO/	http://www.orpha.net/ontology/ORDO_en_2.8.owl	[UNKNOWN EXPERIMENTS]
[NO TYPE]	Multifocal lymphangioendotheliomatosis with thrombocytopenia	Multifocal lymphangioendotheliomatosis-thrombocytopenia syndrome		Good	Orphanet_464321	http://www.orpha.net/ORDO/	http://www.orpha.net/ontology/ORDO_en_2.8.owl	[UNKNOWN EXPERIMENTS]
[NO TYPE]	Multiple myeloma	multiple myeloma		High	EFO_0001378	http://www.ebi.ac.uk/efo/	https://www.ebi.ac.uk/gxa	[UNKNOWN EXPERIMENTS]
[NO TYPE]	Multisystemic smooth muscle dysfunction syndrome	Multisystemic smooth muscle dysfunction syndrome		High	Orphanet_404463	http://www.orpha.net/ORDO/	https://www.ebi.ac.uk/eva	[UNKNOWN EXPERIMENTS]
[NO TYPE]	Myelodysplastic syndrome with single lineage dysplasia	Myelodysplastic Syndrome with Single Lineage Dysplasia		Good	NCIT_C82591	http://purl.obolibrary.org/obo/	http://purl.obolibrary.org/obo/ncit.owl	[UNKNOWN EXPERIMENTS]
[NO TYPE]	Myelodysplastic syndromes	myelodysplastic syndrome		High	EFO_0000198	http://www.ebi.ac.uk/efo/	https://www.ebi.ac.uk/eva	[UNKNOWN EXPERIMENTS]
[NO TYPE]	Myelofibrosis	Myelofibrosis		High	HP_0011974	http://purl.obolibrary.org/obo/	https://www.ebi.ac.uk/eva	[UNKNOWN EXPERIMENTS]
[NO TYPE]	Myeloid sarcoma	Myeloid Sarcoma		Medium	NCIT_C3520	http://purl.obolibrary.org/obo/	http://purl.obolibrary.org/obo/ncit.owl	[UNKNOWN EXPERIMENTS]
[NO TYPE]	Myeloid sarcoma	myeloid sarcoma		Medium	EFO_1001052	http://www.ebi.ac.uk/efo/	http://www.ebi.ac.uk/efo/efo.owl	[UNKNOWN EXPERIMENTS]
[NO TYPE]	Myeloid sarcoma	myeloid sarcoma		Medium	DOID_8683	http://purl.obolibrary.org/obo/	http://purl.obolibrary.org/obo/doid.owl	[UNKNOWN EXPERIMENTS]
[NO TYPE]	Myeloid sarcoma	myeloid sarcoma		Medium	MONDO_0006861	http://purl.obolibrary.org/obo/	http://purl.obolibrary.org/obo/mondo.obo	[UNKNOWN EXPERIMENTS]
[NO TYPE]	Myeloid sarcoma	Myeloid sarcoma		Medium	Orphanet_86850	http://www.orpha.net/ORDO/	http://www.orpha.net/ontology/ORDO_en_2.8.owl	[UNKNOWN EXPERIMENTS]
[NO TYPE]	MYH9 related thrombocytopenia	MYH9-related disease		Good	Orphanet_182050	http://www.orpha.net/ORDO/	http://www.orpha.net/ontology/ORDO_en_2.8.owl	[UNKNOWN EXPERIMENTS]
[NO TYPE]	Neonatal hemochromatosis	Neonatal Hemochromatosis		Good	NCIT_C129980	http://purl.obolibrary.org/obo/	http://purl.obolibrary.org/obo/ncit.owl	[UNKNOWN EXPERIMENTS]
[NO TYPE]	Neutropenia chronic familial	neutropenia, chronic familial		Medium	MONDO_0008089	http://purl.obolibrary.org/obo/	http://purl.obolibrary.org/obo/mondo.obo	[UNKNOWN EXPERIMENTS]
[NO TYPE]	Neutropenia chronic familial	Chronic neutropenia		Medium	HP_0410252	http://purl.obolibrary.org/obo/	http://purl.obolibrary.org/obo/hp.owl	[UNKNOWN EXPERIMENTS]
[NO TYPE]	Neutropenia lethal congenital with eosinophilia	neutropenia, lethal congenital, with eosinophilia		Good	MONDO_0009754	http://purl.obolibrary.org/obo/	http://purl.obolibrary.org/obo/mondo.obo	[UNKNOWN EXPERIMENTS]
[NO TYPE]	Non-involuting congenital hemangioma	Non-involuting congenital hemangioma		Medium	Orphanet_141179	http://www.orpha.net/ORDO/	http://www.orpha.net/ontology/ORDO_en_2.8.owl	[UNKNOWN EXPERIMENTS]
[NO TYPE]	Non-involuting congenital hemangioma	non-involuting congenital hemangioma		Medium	MONDO_0015403	http://purl.obolibrary.org/obo/	http://purl.obolibrary.org/obo/mondo.obo	[UNKNOWN EXPERIMENTS]
[NO TYPE]	Nonspherocytic hemolytic anemia due to hexokinase deficiency	anemia, nonspherocytic hemolytic, due to G6PD deficiency		Good	MONDO_0010480	http://purl.obolibrary.org/obo/	http://purl.obolibrary.org/obo/mondo.obo	[UNKNOWN EXPERIMENTS]
[NO TYPE]	Noonan syndrome	Noonan syndrome		High	Orphanet_648	http://www.orpha.net/ORDO/	https://www.ebi.ac.uk/eva	[UNKNOWN EXPERIMENTS]
[NO TYPE]	Noonan syndrome 1 - See Noonan syndrome	Noonan Syndrome 1		Good	NCIT_C75459	http://purl.obolibrary.org/obo/	http://purl.obolibrary.org/obo/ncit.owl	[UNKNOWN EXPERIMENTS]
[NO TYPE]	Noonan syndrome 2 - See Noonan syndrome	Noonan Syndrome		Good	NCIT_C34854	http://purl.obolibrary.org/obo/	http://purl.obolibrary.org/obo/ncit.owl	[UNKNOWN EXPERIMENTS]
[NO TYPE]	Noonan syndrome 3 - See Noonan syndrome	Noonan Syndrome		Good	NCIT_C34854	http://purl.obolibrary.org/obo/	http://purl.obolibrary.org/obo/ncit.owl	[UNKNOWN EXPERIMENTS]
[NO TYPE]	Noonan syndrome 4 - See Noonan syndrome	Noonan Syndrome		Good	NCIT_C34854	http://purl.obolibrary.org/obo/	http://purl.obolibrary.org/obo/ncit.owl	[UNKNOWN EXPERIMENTS]
[NO TYPE]	Noonan syndrome 5 - See Noonan syndrome	Noonan Syndrome		Good	NCIT_C34854	http://purl.obolibrary.org/obo/	http://purl.obolibrary.org/obo/ncit.owl	[UNKNOWN EXPERIMENTS]
[NO TYPE]	Noonan syndrome 6 - See Noonan syndrome	Noonan Syndrome		Good	NCIT_C34854	http://purl.obolibrary.org/obo/	http://purl.obolibrary.org/obo/ncit.owl	[UNKNOWN EXPERIMENTS]
[NO TYPE]	Orotic aciduria type 1	orotic aciduria 1 pathway		Medium	PW_0001605	http://purl.obolibrary.org/obo/	http://purl.obolibrary.org/obo/pw.owl	[UNKNOWN EXPERIMENTS]
[NO TYPE]	Orotic aciduria type 1	orotic aciduria 2 pathway		Medium	PW_0001606	http://purl.obolibrary.org/obo/	http://purl.obolibrary.org/obo/pw.owl	[UNKNOWN EXPERIMENTS]
[NO TYPE]	Overhydrated hereditary stomatocytosis	overhydrated hereditary stomatocytosis		Medium	MONDO_0008493	http://purl.obolibrary.org/obo/	http://purl.obolibrary.org/obo/mondo.obo	[UNKNOWN EXPERIMENTS]
[NO TYPE]	Overhydrated hereditary stomatocytosis	Overhydrated hereditary stomatocytosis		Medium	Orphanet_3203	http://www.orpha.net/ORDO/	http://www.orpha.net/ontology/ORDO_en_2.8.owl	[UNKNOWN EXPERIMENTS]
[NO TYPE]	Overhydrated hereditary stomatocytosis	overhydrated hereditary stomatocytosis		Medium	DOID_0111562	http://purl.obolibrary.org/obo/	http://purl.obolibrary.org/obo/doid.owl	[UNKNOWN EXPERIMENTS]
[NO TYPE]	Paris-Trousseau thrombocytopenia	Paris-Trousseau thrombocytopenia		Medium	Orphanet_851	http://www.orpha.net/ORDO/	http://www.orpha.net/ontology/ORDO_en_2.8.owl	[UNKNOWN EXPERIMENTS]
[NO TYPE]	Paris-Trousseau thrombocytopenia	Paris-Trousseau thrombocytopenia		Medium	MONDO_0008557	http://purl.obolibrary.org/obo/	http://purl.obolibrary.org/obo/mondo.obo	[UNKNOWN EXPERIMENTS]
[NO TYPE]	Parkes Weber syndrome	Parkes Weber syndrome		High	Orphanet_90307	http://www.orpha.net/ORDO/	https://www.targetvalidation.org	[UNKNOWN EXPERIMENTS]
[NO TYPE]	Paroxysmal cold hemoglobinuria	Paroxysmal cold hemoglobinuria		Medium	Orphanet_90035	http://www.orpha.net/ORDO/	http://www.orpha.net/ontology/ORDO_en_2.8.owl	[UNKNOWN EXPERIMENTS]
[NO TYPE]	Paroxysmal cold hemoglobinuria	paroxysmal cold hemoglobinuria		Medium	MONDO_0019533	http://purl.obolibrary.org/obo/	http://purl.obolibrary.org/obo/mondo.obo	[UNKNOWN EXPERIMENTS]
[NO TYPE]	Paroxysmal nocturnal hemoglobinuria	Paroxysmal nocturnal hemoglobinuria		Good	Orphanet_447	http://www.orpha.net/ORDO/	https://www.ebi.ac.uk/eva	[UNKNOWN EXPERIMENTS]
[NO TYPE]	Pearson syndrome	Pearson Syndrome		Medium	NCIT_C115326	http://purl.obolibrary.org/obo/	http://purl.obolibrary.org/obo/ncit.owl	[UNKNOWN EXPERIMENTS]
[NO TYPE]	Pearson syndrome	Pearson syndrome		Medium	DOID_0060067	http://purl.obolibrary.org/obo/	http://purl.obolibrary.org/obo/doid.owl	[UNKNOWN EXPERIMENTS]
[NO TYPE]	Pearson syndrome	Pearson syndrome		Medium	MONDO_0010797	http://purl.obolibrary.org/obo/	http://purl.obolibrary.org/obo/mondo.obo	[UNKNOWN EXPERIMENTS]
[NO TYPE]	Pearson syndrome	Pearson syndrome		Medium	Orphanet_699	http://www.orpha.net/ORDO/	http://www.orpha.net/ontology/ORDO_en_2.8.owl	[UNKNOWN EXPERIMENTS]
[NO TYPE]	PEHO syndrome	PEHO syndrome		High	Orphanet_2836	http://www.orpha.net/ORDO/	https://www.ebi.ac.uk/eva	[UNKNOWN EXPERIMENTS]
[NO TYPE]	PHACE syndrome	PHACE syndrome		High	Orphanet_42775	http://www.orpha.net/ORDO/	https://www.ebi.ac.uk/eva	[UNKNOWN EXPERIMENTS]
[NO TYPE]	Pheochromocytoma	Hereditary pheochromocytoma-paraganglioma		High	Orphanet_29072	http://www.orpha.net/ORDO/	https://www.targetvalidation.org	[UNKNOWN EXPERIMENTS]
[NO TYPE]	Phosphoglycerate kinase deficiency	Glycogen storage disease due to phosphoglycerate kinase 1 deficiency		Good	Orphanet_713	http://www.orpha.net/ORDO/	https://www.ebi.ac.uk/eva	[UNKNOWN EXPERIMENTS]
[NO TYPE]	Plasmablastic lymphoma	Plasmablastic Lymphoma		Medium	NCIT_C7224	http://purl.obolibrary.org/obo/	http://purl.obolibrary.org/obo/ncit.owl	[UNKNOWN EXPERIMENTS]
[NO TYPE]	Plasmablastic lymphoma	Plasmablastic lymphoma		Medium	Orphanet_289666	http://www.orpha.net/ORDO/	http://www.orpha.net/ontology/ORDO_en_2.8.owl	[UNKNOWN EXPERIMENTS]
[NO TYPE]	Plasmablastic lymphoma	Plasmablastic Lymphoma		Medium	OMIT_0001400	http://purl.obolibrary.org/obo/	http://purl.obolibrary.org/obo/omit.owl	[UNKNOWN EXPERIMENTS]
[NO TYPE]	Plasmablastic lymphoma	plasmablastic lymphoma		Medium	MONDO_0017347	http://purl.obolibrary.org/obo/	http://purl.obolibrary.org/obo/mondo.obo	[UNKNOWN EXPERIMENTS]
[NO TYPE]	Plasminogen activator inhibitor type 1 deficiency	Congenital plasminogen activator inhibitor type 1 deficiency		High	Orphanet_465	http://www.orpha.net/ORDO/	https://www.ebi.ac.uk/eva	[UNKNOWN EXPERIMENTS]
[NO TYPE]	Platelet storage pool deficiency	platelet storage pool deficiency		Medium	EFO_1001112	http://www.ebi.ac.uk/efo/	http://www.ebi.ac.uk/efo/efo.owl	[UNKNOWN EXPERIMENTS]
[NO TYPE]	Platelet storage pool deficiency	platelet storage pool deficiency		Medium	MONDO_0008495	http://purl.obolibrary.org/obo/	http://purl.obolibrary.org/obo/mondo.obo	[UNKNOWN EXPERIMENTS]
[NO TYPE]	Platelet storage pool deficiency	Platelet Storage Pool Deficiency		Medium	OMIT_0011954	http://purl.obolibrary.org/obo/	http://purl.obolibrary.org/obo/omit.owl	[UNKNOWN EXPERIMENTS]
[NO TYPE]	Platelet storage pool deficiency	platelet storage pool deficiency		Medium	DOID_2223	http://purl.obolibrary.org/obo/	http://purl.obolibrary.org/obo/doid.owl	[UNKNOWN EXPERIMENTS]
[NO TYPE]	Plummer Vinson syndrome	Plummer-Vinson syndrome		Medium	Orphanet_54028	http://www.orpha.net/ORDO/	http://www.orpha.net/ontology/ORDO_en_2.8.owl	[UNKNOWN EXPERIMENTS]
[NO TYPE]	Plummer Vinson syndrome	Plummer-Vinson Syndrome		Medium	NCIT_C85016	http://purl.obolibrary.org/obo/	http://purl.obolibrary.org/obo/ncit.owl	[UNKNOWN EXPERIMENTS]
[NO TYPE]	POEMS syndrome	POEMS Syndrome		Medium	NCIT_C80303	http://purl.obolibrary.org/obo/	http://purl.obolibrary.org/obo/ncit.owl	[UNKNOWN EXPERIMENTS]
[NO TYPE]	POEMS syndrome	POEMS syndrome		Medium	EFO_1001115	http://www.ebi.ac.uk/efo/	http://www.ebi.ac.uk/efo/efo.owl	[UNKNOWN EXPERIMENTS]
[NO TYPE]	Poikiloderma with neutropenia	Poikiloderma with neutropenia		High	Orphanet_221046	http://www.orpha.net/ORDO/	https://www.ebi.ac.uk/eva	[UNKNOWN EXPERIMENTS]
[NO TYPE]	Polycythemia vera	polycythemia vera		High	EFO_0002429	http://www.ebi.ac.uk/efo/	https://www.ebi.ac.uk/eva	[UNKNOWN EXPERIMENTS]
[NO TYPE]	Prekallikrein deficiency, congenital	Congenital prekallikrein deficiency		Good	Orphanet_749	http://www.orpha.net/ORDO/	http://www.orpha.net/ontology/ORDO_en_2.8.owl	[UNKNOWN EXPERIMENTS]
[NO TYPE]	Primary angiitis of the central nervous system	Primary angiitis of the central nervous system		Good	Orphanet_140989	http://www.orpha.net/ORDO/	http://www.orpha.net/ontology/ORDO_en_2.8.owl	[UNKNOWN EXPERIMENTS]
[NO TYPE]	Primary central nervous system lymphoma	central nervous system non-hodgkin lymphoma		High	MONDO_0044887	http://purl.obolibrary.org/obo/	http://www.genome.gov/gwastudies/	[UNKNOWN EXPERIMENTS]
[NO TYPE]	Primary familial and congenital polycythemia	Primary familial polycythemia		Medium	Orphanet_90042	http://www.orpha.net/ORDO/	http://www.orpha.net/ontology/ORDO_en_2.8.owl	[UNKNOWN EXPERIMENTS]
[NO TYPE]	Primary familial and congenital polycythemia	familial erythrocytosis 1		Medium	DOID_0060652	http://purl.obolibrary.org/obo/	http://purl.obolibrary.org/obo/doid.owl	[UNKNOWN EXPERIMENTS]
[NO TYPE]	Primary intestinal lymphangiectasia	Primary intestinal lymphangiectasia		Medium	Orphanet_90362	http://www.orpha.net/ORDO/	http://www.orpha.net/ontology/ORDO_en_2.8.owl	[UNKNOWN EXPERIMENTS]
[NO TYPE]	Primary intestinal lymphangiectasia	primary intestinal lymphangiectasia		Medium	MONDO_0007916	http://purl.obolibrary.org/obo/	http://purl.obolibrary.org/obo/mondo.obo	[UNKNOWN EXPERIMENTS]
[NO TYPE]	Primary release disorder of platelets	primary release disorder of platelets		Good	MONDO_0008309	http://purl.obolibrary.org/obo/	http://purl.obolibrary.org/obo/mondo.obo	[UNKNOWN EXPERIMENTS]
[NO TYPE]	Prolidase deficiency	Prolidase deficiency		High	Orphanet_742	http://www.orpha.net/ORDO/	https://www.ebi.ac.uk/eva	[UNKNOWN EXPERIMENTS]
[NO TYPE]	Protein C deficiency - Not a rare disease	not rare		Good	MONDO_0021137	http://purl.obolibrary.org/obo/	http://purl.obolibrary.org/obo/mondo.obo	[UNKNOWN EXPERIMENTS]
[NO TYPE]	Protein S deficiency	Severe hereditary thrombophilia due to congenital protein S deficiency		High	Orphanet_743	http://www.orpha.net/ORDO/	https://www.ebi.ac.uk/eva	[UNKNOWN EXPERIMENTS]
[NO TYPE]	Proteus syndrome	Proteus syndrome		High	Orphanet_744	http://www.orpha.net/ORDO/	https://www.targetvalidation.org	[UNKNOWN EXPERIMENTS]
[NO TYPE]	Prothrombin deficiency	Congenital factor II deficiency		Good	Orphanet_325	http://www.orpha.net/ORDO/	https://www.ebi.ac.uk/eva	[UNKNOWN EXPERIMENTS]
[NO TYPE]	Pseudo-Von Willebrand disease	Pseudo-von Willebrand disease		High	Orphanet_52530	http://www.orpha.net/ORDO/	https://www.ebi.ac.uk/eva	[UNKNOWN EXPERIMENTS]
[NO TYPE]	Pseudohyperkalemia Cardiff	Hereditary cryohydrocytosis with normal stomatin		High	Orphanet_398088	http://www.orpha.net/ORDO/	https://www.ebi.ac.uk/eva	[UNKNOWN EXPERIMENTS]
[NO TYPE]	Pseudoxanthoma elasticum	Pseudoxanthoma elasticum		High	Orphanet_758	http://www.orpha.net/ORDO/	https://www.ebi.ac.uk/eva	[UNKNOWN EXPERIMENTS]
[NO TYPE]	Pulmonary arterio-veinous fistula	Pulmonary Fistula		Medium	NCIT_C78577	http://purl.obolibrary.org/obo/	http://purl.obolibrary.org/obo/ncit.owl	[UNKNOWN EXPERIMENTS]
[NO TYPE]	Pulmonary arterio-veinous fistula	Pulmonary Fistula, CTCAE		Medium	NCIT_C143791	http://purl.obolibrary.org/obo/	http://purl.obolibrary.org/obo/ncit.owl	[UNKNOWN EXPERIMENTS]
[NO TYPE]	Pulmonary atresia with intact ventricular septum	265150, Pulmonary atresia-intact ventricular septum syndrome, C0344975	; ; 	High	265150, Orphanet_1208, C0344975	http://identifiers.org/omim/, http://www.orpha.net/ORDO/, http://identifiers.org/medgen/	https://www.ncbi.nlm.nih.gov/clinvar	[UNKNOWN EXPERIMENTS]
[NO TYPE]	Pulmonary vein stenosis	Pulmonary Vein Stenosis		Good	NCIT_C99036	http://purl.obolibrary.org/obo/	http://purl.obolibrary.org/obo/ncit.owl	[UNKNOWN EXPERIMENTS]
[NO TYPE]	Purpura simplex - Not a rare disease	purpura (disease)		Good	MONDO_0002610	http://purl.obolibrary.org/obo/	http://purl.obolibrary.org/obo/mondo.obo	[UNKNOWN EXPERIMENTS]
[NO TYPE]	Pyropoikilocytosis hereditary	Pyropoikilocytosis		Good	HP_0004839	http://purl.obolibrary.org/obo/	https://www.ebi.ac.uk/eva	[UNKNOWN EXPERIMENTS]
[NO TYPE]	Pyruvate kinase deficiency	Hemolytic anemia due to red cell pyruvate kinase deficiency		High	Orphanet_766	http://www.orpha.net/ORDO/	https://www.targetvalidation.org	[UNKNOWN EXPERIMENTS]
[NO TYPE]	Quebec platelet disorder	Quebec platelet disorder		High	Orphanet_220436	http://www.orpha.net/ORDO/	https://www.ebi.ac.uk/eva	[UNKNOWN EXPERIMENTS]
[NO TYPE]	Red cell phospholipid defect with hemolysis	red cell phospholipid defect with hemolysis		Good	MONDO_0008367	http://purl.obolibrary.org/obo/	http://purl.obolibrary.org/obo/mondo.obo	[UNKNOWN EXPERIMENTS]
[NO TYPE]	Revesz syndrome	Revesz syndrome		High	Orphanet_3088	http://www.orpha.net/ORDO/	https://www.ebi.ac.uk/eva	[UNKNOWN EXPERIMENTS]
[NO TYPE]	Reynolds syndrome	Reynolds syndrome		High	MONDO_0013276	http://purl.obolibrary.org/obo/	https://www.ebi.ac.uk/eva	[UNKNOWN EXPERIMENTS]
[NO TYPE]	Rh deficiency syndrome	Rh deficiency syndrome		Medium	Orphanet_71275	http://www.orpha.net/ORDO/	http://www.orpha.net/ontology/ORDO_en_2.8.owl	[UNKNOWN EXPERIMENTS]
[NO TYPE]	Rh deficiency syndrome	Rh deficiency syndrome		Medium	DOID_0050641	http://purl.obolibrary.org/obo/	http://purl.obolibrary.org/obo/doid.owl	[UNKNOWN EXPERIMENTS]
[NO TYPE]	Rh deficiency syndrome	Rh deficiency syndrome		Medium	MONDO_0019107	http://purl.obolibrary.org/obo/	http://purl.obolibrary.org/obo/mondo.obo	[UNKNOWN EXPERIMENTS]
[NO TYPE]	Rosai-Dorfman disease	Rosai-Dorfman disease		Medium	MONDO_0044354	http://purl.obolibrary.org/obo/	http://purl.obolibrary.org/obo/mondo.obo	[UNKNOWN EXPERIMENTS]
[NO TYPE]	Rosai-Dorfman disease	Sinus Histiocytosis with Massive Lymphadenopathy		Medium	NCIT_C36075	http://purl.obolibrary.org/obo/	http://purl.obolibrary.org/obo/ncit.owl	[UNKNOWN EXPERIMENTS]
[NO TYPE]	Rotor syndrome	Rotor syndrome		High	Orphanet_3111	http://www.orpha.net/ORDO/	https://www.ebi.ac.uk/eva	[UNKNOWN EXPERIMENTS]
[NO TYPE]	Scott syndrome	Scott syndrome		High	Orphanet_806	http://www.orpha.net/ORDO/	https://www.ebi.ac.uk/eva	[UNKNOWN EXPERIMENTS]
[NO TYPE]	Severe congenital neutropenia autosomal dominant	Autosomal dominant severe congenital neutropenia		Good	Orphanet_486	http://www.orpha.net/ORDO/	https://www.ebi.ac.uk/eva	[UNKNOWN EXPERIMENTS]
[NO TYPE]	Severe congenital neutropenia autosomal recessive 3	Severe congenital neutropenia		Good	Orphanet_42738	http://www.orpha.net/ORDO/	https://www.ebi.ac.uk/eva	[UNKNOWN EXPERIMENTS]
[NO TYPE]	Sezary syndrome	Sezary's disease		High	EFO_1000785	http://www.ebi.ac.uk/efo/	https://www.ebi.ac.uk/eva	[UNKNOWN EXPERIMENTS]
[NO TYPE]	Shwachman-Diamond syndrome	Shwachman-Diamond syndrome		High	Orphanet_811	http://www.orpha.net/ORDO/	https://www.targetvalidation.org	[UNKNOWN EXPERIMENTS]
[NO TYPE]	Sickle beta thalassemia	Sickle Beta Thalassemia		Medium	NCIT_C95539	http://purl.obolibrary.org/obo/	http://purl.obolibrary.org/obo/ncit.owl	[UNKNOWN EXPERIMENTS]
[NO TYPE]	Sickle beta thalassemia	Sickle Beta Thalassemia		Medium	SCDO_0001057	http://scdontology.h3abionet.org/ontology/	http://scdontology.h3abionet.org/ontology/scdo.owl	[UNKNOWN EXPERIMENTS]
[NO TYPE]	Sickle cell - hemoglobin D disease	Sickle cell - hemoglobin D disease		Good	Orphanet_251370	http://www.orpha.net/ORDO/	http://www.ebi.ac.uk/efo/efo.owl	[UNKNOWN EXPERIMENTS]
[NO TYPE]	Sickle cell anemia	Sickle cell anemia		High	Orphanet_232	http://www.orpha.net/ORDO/	https://www.targetvalidation.org	[UNKNOWN EXPERIMENTS]
[NO TYPE]	Sideroblastic anemia - Not a rare disease	not rare		Good	MONDO_0021137	http://purl.obolibrary.org/obo/	http://purl.obolibrary.org/obo/mondo.obo	[UNKNOWN EXPERIMENTS]
[NO TYPE]	Sideroblastic anemia and mitochondrial myopathy	Congenital sideroblastic anemia-B-cell immunodeficiency-periodic fever-developmental delay syndrome		Medium	Orphanet_369861	http://www.orpha.net/ORDO/	https://www.ebi.ac.uk/eva	[UNKNOWN EXPERIMENTS]
[NO TYPE]	Sideroblastic anemia and mitochondrial myopathy	Autosomal recessive sideroblastic anemia		Medium	Orphanet_260305	http://www.orpha.net/ORDO/	https://www.ebi.ac.uk/eva	[UNKNOWN EXPERIMENTS]
[NO TYPE]	Sideroblastic anemia and mitochondrial myopathy	Autosomal dominant mitochondrial myopathy with exercise intolerance		Medium	Orphanet_457050	http://www.orpha.net/ORDO/	https://www.targetvalidation.org	[UNKNOWN EXPERIMENTS]
[NO TYPE]	Sideroblastic anemia and mitochondrial myopathy	Constitutional sideroblastic anemia		Medium	Orphanet_98362	http://www.orpha.net/ORDO/	https://www.ebi.ac.uk/eva	[UNKNOWN EXPERIMENTS]
[NO TYPE]	Sideroblastic anemia and mitochondrial myopathy	Congenital cataract-progressive muscular hypotonia-hearing loss-developmental delay syndrome		Medium	Orphanet_330054	http://www.orpha.net/ORDO/	https://www.ebi.ac.uk/eva	[UNKNOWN EXPERIMENTS]
[NO TYPE]	Sideroblastic anemia and mitochondrial myopathy	Mitochondrial myopathy		Medium	Orphanet_206966	http://www.orpha.net/ORDO/	https://www.ebi.ac.uk/eva	[UNKNOWN EXPERIMENTS]
[NO TYPE]	Sideroblastic anemia and mitochondrial myopathy	300751, C4551511, X-linked sideroblastic anemia	; ; 	Medium	300751, C4551511, Orphanet_75563	http://identifiers.org/omim/, http://identifiers.org/medgen/, http://www.orpha.net/ORDO/	https://www.ncbi.nlm.nih.gov/clinvar	[UNKNOWN EXPERIMENTS]
[NO TYPE]	Sideroblastic anemia and mitochondrial myopathy	Sideroblastic anemia		Medium	Orphanet_1047	http://www.orpha.net/ORDO/	https://www.targetvalidation.org	[UNKNOWN EXPERIMENTS]
[NO TYPE]	Sideroblastic anemia and mitochondrial myopathy	C4016623		Medium	C4016623	http://identifiers.org/medgen/	https://www.ncbi.nlm.nih.gov/clinvar	[UNKNOWN EXPERIMENTS]
[NO TYPE]	Sideroblastic anemia and mitochondrial myopathy	C4016606		Medium	C4016606	http://identifiers.org/medgen/	https://www.ncbi.nlm.nih.gov/clinvar	[UNKNOWN EXPERIMENTS]
[NO TYPE]	Sideroblastic anemia and mitochondrial myopathy	Adult-onset autosomal recessive sideroblastic anemia		Medium	Orphanet_255132	http://www.orpha.net/ORDO/	https://www.ebi.ac.uk/eva	[UNKNOWN EXPERIMENTS]
[NO TYPE]	Sideroblastic anemia and mitochondrial myopathy	Mitochondrial myopathy and sideroblastic anemia		Medium	Orphanet_2598	http://www.orpha.net/ORDO/	https://www.ebi.ac.uk/eva	[UNKNOWN EXPERIMENTS]
[NO TYPE]	Sideroblastic anemia and mitochondrial myopathy	C4016601		Medium	C4016601	http://identifiers.org/medgen/	https://www.ncbi.nlm.nih.gov/clinvar	[UNKNOWN EXPERIMENTS]
[NO TYPE]	Sideroblastic anemia and mitochondrial myopathy	Mitochondrial myopathy-lactic acidosis-deafness syndrome		Medium	Orphanet_2597	http://www.orpha.net/ORDO/	https://www.ebi.ac.uk/eva	[UNKNOWN EXPERIMENTS]
[NO TYPE]	Sideroblastic anemia and mitochondrial myopathy	Mitochondrial myopathy with reversible cytochrome C oxidase deficiency		Medium	Orphanet_254864	http://www.orpha.net/ORDO/	https://www.ebi.ac.uk/eva	[UNKNOWN EXPERIMENTS]
[NO TYPE]	Sideroblastic anemia and mitochondrial myopathy	X-linked sideroblastic anemia and spinocerebellar ataxia		Medium	Orphanet_2802	http://www.orpha.net/ORDO/	https://www.ebi.ac.uk/eva	[UNKNOWN EXPERIMENTS]
[NO TYPE]	Sideroblastic anemia pyridoxine-refractory autosomal recessive	Autosomal recessive sideroblastic anemia		Good	Orphanet_260305	http://www.orpha.net/ORDO/	https://www.ebi.ac.uk/eva	[UNKNOWN EXPERIMENTS]
[NO TYPE]	Sideroblastic anemia pyridoxine-responsive autosomal recessive	autosomal recessive pyridoxine-refractory sideroblastic anemia 2		Good	DOID_0060065	http://purl.obolibrary.org/obo/	http://purl.obolibrary.org/obo/doid.owl	[UNKNOWN EXPERIMENTS]
[NO TYPE]	Slow-channel congenital myasthenic syndrome	Congenital myasthenic syndrome		Good	Orphanet_590	http://www.orpha.net/ORDO/	https://www.ebi.ac.uk/uniprot	[UNKNOWN EXPERIMENTS]
[NO TYPE]	Sneddon syndrome	Sneddon syndrome		High	Orphanet_820	http://www.orpha.net/ORDO/	https://www.targetvalidation.org	[UNKNOWN EXPERIMENTS]
[NO TYPE]	Sturge-Weber syndrome	Sturge-Weber syndrome		High	Orphanet_3205	http://www.orpha.net/ORDO/	https://www.ebi.ac.uk/eva	[UNKNOWN EXPERIMENTS]
[NO TYPE]	Supraumbilical midabdominal raphe and facial cavernous hemangiomas	N/A	N/A	Did not map	N/A	N/A	N/A	[UNKNOWN EXPERIMENTS]
[NO TYPE]	Supravalvular aortic stenosis	Supravalvular Aortic Stenosis		Good	NCIT_C85176	http://purl.obolibrary.org/obo/	http://purl.obolibrary.org/obo/ncit.owl	[UNKNOWN EXPERIMENTS]
[NO TYPE]	Susac syndrome	Susac Syndrome		Medium	NCIT_C116363	http://purl.obolibrary.org/obo/	http://purl.obolibrary.org/obo/ncit.owl	[UNKNOWN EXPERIMENTS]
[NO TYPE]	Susac syndrome	Susac Syndrome		Medium	EFO_1001856	http://www.ebi.ac.uk/efo/	http://www.ebi.ac.uk/efo/efo.owl	[UNKNOWN EXPERIMENTS]
[NO TYPE]	Swyer syndrome	46,XY Gonadal Dysgenesis		Medium	NCIT_C120198	http://purl.obolibrary.org/obo/	http://purl.obolibrary.org/obo/ncit.owl	[UNKNOWN EXPERIMENTS]
[NO TYPE]	Swyer syndrome	46 XY gonadal dysgenesis		Medium	DOID_14448	http://purl.obolibrary.org/obo/	http://purl.obolibrary.org/obo/doid.owl	[UNKNOWN EXPERIMENTS]
[NO TYPE]	Swyer syndrome	46,XY complete gonadal dysgenesis		Medium	Orphanet_242	http://www.orpha.net/ORDO/	http://www.orpha.net/ontology/ORDO_en_2.8.owl	[UNKNOWN EXPERIMENTS]
[NO TYPE]	Systemic mastocytosis	Systemic Mastocytosis		Medium	NCIT_C9235	http://purl.obolibrary.org/obo/	http://purl.obolibrary.org/obo/ncit.owl	[UNKNOWN EXPERIMENTS]
[NO TYPE]	Systemic mastocytosis	Systemic mastocytosis		Medium	Orphanet_2467	http://www.orpha.net/ORDO/	http://www.orpha.net/ontology/ORDO_en_2.8.owl	[UNKNOWN EXPERIMENTS]
[NO TYPE]	Systemic mastocytosis	systemic mastocytosis		Medium	MONDO_0016586	http://purl.obolibrary.org/obo/	http://purl.obolibrary.org/obo/mondo.obo	[UNKNOWN EXPERIMENTS]
[NO TYPE]	Systemic mastocytosis	systemic mastocytosis		Medium	DOID_349	http://purl.obolibrary.org/obo/	http://purl.obolibrary.org/obo/doid.owl	[UNKNOWN EXPERIMENTS]
[NO TYPE]	T-cell large granular lymphocyte leukemia	T-Cell Large Granular Lymphocyte Leukemia		Medium	NCIT_C4664	http://purl.obolibrary.org/obo/	http://purl.obolibrary.org/obo/ncit.owl	[UNKNOWN EXPERIMENTS]
[NO TYPE]	T-cell large granular lymphocyte leukemia	T-cell large granular lymphocyte leukemia		Medium	DOID_0050751	http://purl.obolibrary.org/obo/	http://purl.obolibrary.org/obo/doid.owl	[UNKNOWN EXPERIMENTS]
[NO TYPE]	T-cell large granular lymphocyte leukemia	T-cell large granular lymphocyte leukemia		Medium	MONDO_0019469	http://purl.obolibrary.org/obo/	http://purl.obolibrary.org/obo/mondo.obo	[UNKNOWN EXPERIMENTS]
[NO TYPE]	T-cell large granular lymphocyte leukemia	T-cell large granular lymphocyte leukemia		Medium	Orphanet_86872	http://www.orpha.net/ORDO/	http://www.orpha.net/ontology/ORDO_en_2.8.owl	[UNKNOWN EXPERIMENTS]
[NO TYPE]	T-cell/histiocyte rich large B cell lymphoma	T-cell/histiocyte rich large B cell lymphoma		Medium	MONDO_0017597	http://purl.obolibrary.org/obo/	http://purl.obolibrary.org/obo/mondo.obo	[UNKNOWN EXPERIMENTS]
[NO TYPE]	T-cell/histiocyte rich large B cell lymphoma	T-cell/histiocyte rich large B cell lymphoma		Medium	Orphanet_300857	http://www.orpha.net/ORDO/	http://www.orpha.net/ontology/ORDO_en_2.8.owl	[UNKNOWN EXPERIMENTS]
[NO TYPE]	Takayasu arteritis	Takayasu arteritis		High	EFO_1001857	http://www.ebi.ac.uk/efo/	http://www.genome.gov/gwastudies/	[UNKNOWN EXPERIMENTS]
[NO TYPE]	TAR syndrome	Thrombocytopenia-absent radius syndrome		Medium	Orphanet_3320	http://www.orpha.net/ORDO/	http://www.orpha.net/ontology/ORDO_en_2.8.owl	[UNKNOWN EXPERIMENTS]
[NO TYPE]	TAR syndrome	Radial Aplasia-Thrombocytopenia Syndrome		Medium	NCIT_C99038	http://purl.obolibrary.org/obo/	http://purl.obolibrary.org/obo/ncit.owl	[UNKNOWN EXPERIMENTS]
[NO TYPE]	Thalassemia	Beta-thalassemia		Medium	Orphanet_848	http://www.orpha.net/ORDO/	https://www.ebi.ac.uk/eva	[UNKNOWN EXPERIMENTS]
[NO TYPE]	Thalassemia	Alpha-thalassemia		Medium	Orphanet_846	http://www.orpha.net/ORDO/	https://www.ebi.ac.uk/eva	[UNKNOWN EXPERIMENTS]
[NO TYPE]	Thalassemia	Delta-beta-thalassemia		Medium	Orphanet_231237	http://www.orpha.net/ORDO/	https://www.ebi.ac.uk/eva	[UNKNOWN EXPERIMENTS]
[NO TYPE]	Thiamine responsive megaloblastic anemia syndrome	Thiamine-responsive megaloblastic anemia syndrome		High	Orphanet_49827	http://www.orpha.net/ORDO/	https://www.targetvalidation.org	[UNKNOWN EXPERIMENTS]
[NO TYPE]	Thoracolaryngopelvic dysplasia	Thoracolaryngopelvic dysplasia		Medium	Orphanet_3317	http://www.orpha.net/ORDO/	http://www.orpha.net/ontology/ORDO_en_2.8.owl	[UNKNOWN EXPERIMENTS]
[NO TYPE]	Thoracolaryngopelvic dysplasia	thoracolaryngopelvic dysplasia		Medium	MONDO_0008551	http://purl.obolibrary.org/obo/	http://purl.obolibrary.org/obo/mondo.obo	[UNKNOWN EXPERIMENTS]
[NO TYPE]	Thrombocytopathy asplenia miosis	Stormorken syndrome		Good	DOID_0060354	http://purl.obolibrary.org/obo/	http://purl.obolibrary.org/obo/doid.owl	[UNKNOWN EXPERIMENTS]
[NO TYPE]	Thrombocytopenia 2	Thrombocytopenia		High	HP_0001873	http://purl.obolibrary.org/obo/	https://www.ebi.ac.uk/eva	[UNKNOWN EXPERIMENTS]
[NO TYPE]	Thrombocytopenia with elevated serum IgA and renal disease	thrombocytopenia with elevated serum IgA and renal disease		Good	MONDO_0010744	http://purl.obolibrary.org/obo/	http://purl.obolibrary.org/obo/mondo.obo	[UNKNOWN EXPERIMENTS]
[NO TYPE]	Thrombomodulin anomalies, familial	Familial thrombomodulin anomalies		Good	Orphanet_3324	http://www.orpha.net/ORDO/	http://www.orpha.net/ontology/ORDO_en_2.8.owl	[UNKNOWN EXPERIMENTS]
[NO TYPE]	Thrombotic thrombocytopenic purpura, acquired	Acquired Thrombotic Thrombocytopenic Purpura		Medium	NCIT_C131653	http://purl.obolibrary.org/obo/	http://purl.obolibrary.org/obo/ncit.owl	[UNKNOWN EXPERIMENTS]
[NO TYPE]	Thrombotic thrombocytopenic purpura, acquired	Acquired thrombotic thrombocytopenic purpura		Medium	Orphanet_93585	http://www.orpha.net/ORDO/	http://www.orpha.net/ontology/ORDO_en_2.8.owl	[UNKNOWN EXPERIMENTS]
[NO TYPE]	Transient erythroblastopenia of childhood	Transient Erythroblastopenia of Childhood		Medium	NCIT_C131683	http://purl.obolibrary.org/obo/	http://purl.obolibrary.org/obo/ncit.owl	[UNKNOWN EXPERIMENTS]
[NO TYPE]	Transient erythroblastopenia of childhood	Transient erythroblastopenia of childhood		Medium	Orphanet_98871	http://www.orpha.net/ORDO/	http://www.orpha.net/ontology/ORDO_en_2.8.owl	[UNKNOWN EXPERIMENTS]
[NO TYPE]	Transient erythroblastopenia of childhood	transient erythroblastopenia of childhood		Medium	MONDO_0009197	http://purl.obolibrary.org/obo/	http://purl.obolibrary.org/obo/mondo.obo	[UNKNOWN EXPERIMENTS]
[NO TYPE]	Transient myeloproliferative syndrome	transient myeloproliferative syndrome		Medium	DOID_0060888	http://purl.obolibrary.org/obo/	http://purl.obolibrary.org/obo/doid.owl	[UNKNOWN EXPERIMENTS]
[NO TYPE]	Transient myeloproliferative syndrome	Transient myeloproliferative syndrome		Medium	HP_0005534	http://purl.obolibrary.org/obo/	http://purl.obolibrary.org/obo/hp.owl	[UNKNOWN EXPERIMENTS]
[NO TYPE]	Transient myeloproliferative syndrome	Transient myeloproliferative syndrome		Medium	Orphanet_420611	http://www.orpha.net/ORDO/	http://www.orpha.net/ontology/ORDO_en_2.8.owl	[UNKNOWN EXPERIMENTS]
[NO TYPE]	Triosephosphate isomerase deficiency	Triose phosphate-isomerase deficiency		High	Orphanet_868	http://www.orpha.net/ORDO/	https://www.ebi.ac.uk/eva	[UNKNOWN EXPERIMENTS]
[NO TYPE]	Tuberous sclerosis	Tuberous sclerosis complex		Good	Orphanet_805	http://www.orpha.net/ORDO/	https://www.ebi.ac.uk/eva	[UNKNOWN EXPERIMENTS]
[NO TYPE]	Tufted angioma	CN252650		Good	CN252650	http://identifiers.org/medgen/	https://www.ncbi.nlm.nih.gov/clinvar	[UNKNOWN EXPERIMENTS]
[NO TYPE]	Twin to twin transfusion syndrome	twin to twin transfusion syndrome		Medium	MONDO_0019805	http://purl.obolibrary.org/obo/	http://purl.obolibrary.org/obo/mondo.obo	[UNKNOWN EXPERIMENTS]
[NO TYPE]	Twin to twin transfusion syndrome	Twin to twin transfusion syndrome		Medium	Orphanet_95431	http://www.orpha.net/ORDO/	http://www.orpha.net/ontology/ORDO_en_2.8.owl	[UNKNOWN EXPERIMENTS]
[NO TYPE]	Twin to twin transfusion syndrome	twin-to-twin transfusion syndrome		Medium	EFO_1001221	http://www.ebi.ac.uk/efo/	http://www.ebi.ac.uk/efo/efo.owl	[UNKNOWN EXPERIMENTS]
[NO TYPE]	Type 1 plasminogen deficiency	Hypoplasminogenemia		Good	Orphanet_722	http://www.orpha.net/ORDO/	https://www.ebi.ac.uk/eva	[UNKNOWN EXPERIMENTS]
[NO TYPE]	Unicentric Castleman disease	Castleman disease		Medium	Orphanet_160	http://www.orpha.net/ORDO/	http://www.orpha.net/ontology/ORDO_en_2.8.owl	[UNKNOWN EXPERIMENTS]
[NO TYPE]	Unicentric Castleman disease	Castleman Disease		Medium	NCIT_C3056	http://purl.obolibrary.org/obo/	http://purl.obolibrary.org/obo/ncit.owl	[UNKNOWN EXPERIMENTS]
[NO TYPE]	Vascular Ehlers-Danlos syndrome	618343, CN258233	; 	Good	618343, CN258233	http://identifiers.org/omim/, http://identifiers.org/medgen/	https://www.ncbi.nlm.nih.gov/clinvar	[UNKNOWN EXPERIMENTS]
[NO TYPE]	Vein of Galen aneurysm	vein of Galen aneurysm		Medium	MONDO_0015196	http://purl.obolibrary.org/obo/	http://purl.obolibrary.org/obo/mondo.obo	[UNKNOWN EXPERIMENTS]
[NO TYPE]	Vein of Galen aneurysm	Vein of Galen aneurysmal malformation		Medium	HP_0030713	http://purl.obolibrary.org/obo/	http://purl.obolibrary.org/obo/hp.owl	[UNKNOWN EXPERIMENTS]
[NO TYPE]	Von Hippel-Lindau disease	von Hippel-Lindau Disease		Medium	OMIT_0007782	http://purl.obolibrary.org/obo/	http://purl.obolibrary.org/obo/omit.owl	[UNKNOWN EXPERIMENTS]
[NO TYPE]	Von Hippel-Lindau disease	von Hippel-Lindau disease		Medium	MONDO_0008667	http://purl.obolibrary.org/obo/	http://purl.obolibrary.org/obo/mondo.obo	[UNKNOWN EXPERIMENTS]
[NO TYPE]	Von Hippel-Lindau disease	Von Hippel-Lindau disease		Medium	Orphanet_892	http://www.orpha.net/ORDO/	http://www.orpha.net/ontology/ORDO_en_2.8.owl	[UNKNOWN EXPERIMENTS]
[NO TYPE]	Von Hippel-Lindau disease	von Hippel-Lindau disease		Medium	DOID_14175	http://purl.obolibrary.org/obo/	http://purl.obolibrary.org/obo/doid.owl	[UNKNOWN EXPERIMENTS]
[NO TYPE]	Von Hippel-Lindau disease	Von Hippel-Lindau Syndrome		Medium	NCIT_C3105	http://purl.obolibrary.org/obo/	http://purl.obolibrary.org/obo/ncit.owl	[UNKNOWN EXPERIMENTS]
[NO TYPE]	Von Willebrand disease - Not a rare disease	Von Willebrand disease		Medium	Orphanet_903	http://www.orpha.net/ORDO/	http://www.orpha.net/ontology/ORDO_en_2.8.owl	[UNKNOWN EXPERIMENTS]
[NO TYPE]	Von Willebrand disease - Not a rare disease	Acquired von Willebrand syndrome		Medium	Orphanet_99147	http://www.orpha.net/ORDO/	http://www.orpha.net/ontology/ORDO_en_2.8.owl	[UNKNOWN EXPERIMENTS]
[NO TYPE]	Warm antibody hemolytic anemia	Warm Antibody Autoimmune Hemolytic Anemia		Medium	NCIT_C162611	http://purl.obolibrary.org/obo/	http://purl.obolibrary.org/obo/ncit.owl	[UNKNOWN EXPERIMENTS]
[NO TYPE]	Warm antibody hemolytic anemia	Autoimmune hemolytic anemia, warm type		Medium	Orphanet_90033	http://www.orpha.net/ORDO/	http://www.orpha.net/ontology/ORDO_en_2.8.owl	[UNKNOWN EXPERIMENTS]
[NO TYPE]	White platelet syndrome	white platelet syndrome		Medium	MONDO_0018269	http://purl.obolibrary.org/obo/	http://purl.obolibrary.org/obo/mondo.obo	[UNKNOWN EXPERIMENTS]
[NO TYPE]	White platelet syndrome	White platelet syndrome		Medium	Orphanet_370131	http://www.orpha.net/ORDO/	http://www.orpha.net/ontology/ORDO_en_2.8.owl	[UNKNOWN EXPERIMENTS]
[NO TYPE]	Williams syndrome	Williams syndrome		High	Orphanet_904	http://www.orpha.net/ORDO/	https://www.ebi.ac.uk/eva	[UNKNOWN EXPERIMENTS]
[NO TYPE]	Wiskott Aldrich syndrome	Wiskott-Aldrich syndrome		High	Orphanet_906	http://www.orpha.net/ORDO/	https://www.targetvalidation.org	[UNKNOWN EXPERIMENTS]
[NO TYPE]	WT limb blood syndrome	WT limb-blood syndrome		Good	Orphanet_3466	http://www.orpha.net/ORDO/	http://www.orpha.net/ontology/ORDO_en_2.8.owl	[UNKNOWN EXPERIMENTS]
[NO TYPE]	Wyburn-Mason syndrome	Wyburn-Mason syndrome		Medium	MONDO_0018892	http://purl.obolibrary.org/obo/	http://purl.obolibrary.org/obo/mondo.obo	[UNKNOWN EXPERIMENTS]
[NO TYPE]	Wyburn-Mason syndrome	Wyburn-Mason syndrome		Medium	Orphanet_53719	http://www.orpha.net/ORDO/	http://www.orpha.net/ontology/ORDO_en_2.8.owl	[UNKNOWN EXPERIMENTS]
[NO TYPE]	X-linked sideroblastic anemia	X-linked sideroblastic anemia		Medium	MONDO_0010419	http://purl.obolibrary.org/obo/	http://purl.obolibrary.org/obo/mondo.obo	[UNKNOWN EXPERIMENTS]
[NO TYPE]	X-linked sideroblastic anemia	X-linked sideroblastic anemia		Medium	Orphanet_75563	http://www.orpha.net/ORDO/	http://www.orpha.net/ontology/ORDO_en_2.8.owl	[UNKNOWN EXPERIMENTS]
[NO TYPE]	X-linked sideroblastic anemia	sideroblastic anemia 1		Medium	DOID_0060063	http://purl.obolibrary.org/obo/	http://purl.obolibrary.org/obo/doid.owl	[UNKNOWN EXPERIMENTS]
[NO TYPE]	X-linked thrombocytopenia	C1839164		Medium	C1839164	http://identifiers.org/medgen/	https://www.ncbi.nlm.nih.gov/clinvar	[UNKNOWN EXPERIMENTS]
[NO TYPE]	X-linked thrombocytopenia	C4016508		Medium	C4016508	http://identifiers.org/medgen/	https://www.ncbi.nlm.nih.gov/clinvar	[UNKNOWN EXPERIMENTS]
[NO TYPE]	X-linked thrombocytopenia	Hereditary thrombocytopenia with normal platelets		Medium	Orphanet_268322	http://www.orpha.net/ORDO/	https://www.ebi.ac.uk/eva	[UNKNOWN EXPERIMENTS]
[NO TYPE]	Yellow nail syndrome	Yellow Nail Syndrome		Medium	NCIT_C85238	http://purl.obolibrary.org/obo/	http://purl.obolibrary.org/obo/ncit.owl	[UNKNOWN EXPERIMENTS]
[NO TYPE]	Yellow nail syndrome	Yellow Nail Syndrome		Medium	EFO_1001452	http://www.ebi.ac.uk/efo/	http://www.ebi.ac.uk/efo/efo.owl	[UNKNOWN EXPERIMENTS]
